timestamp,packet_counter,right_thigh_q1,right_thigh_q2,right_thigh_q3,right_thigh_q4,right_calf_q1,right_calf_q2,right_calf_q3,right_calf_q4,left_thigh_q1,left_thigh_q2,left_thigh_q3,left_thigh_q4,left_calf_q1,left_calf_q2,left_calf_q3,left_calf_q4,trunk_q1,trunk_q2,trunk_q3,trunk_q4,right_foot_q0,right_foot_q1,right_foot_q2,right_foot_q3,right_pressure0,right_pressure1,right_pressure2,right_pressure3,right_pressure4,right_pressure5,right_pressure6,right_pressure7,right_pressure8,right_pressure9,right_pressure10,right_pressure11,right_pressure12,right_pressure13,right_pressure14,right_pressure15,right_pressure16,right_pressure17,right_pressure18,right_pressure19,right_pressure20,right_pressure21,right_pressure22,right_pressure23,right_pressure24,right_pressure25,right_pressure26,right_pressure27,right_pressure28,right_pressure29,right_pressure30,right_pressure31,right_pressure32,right_pressure33,right_pressure34,right_pressure35,right_pressure36,right_pressure37,right_pressure38,right_pressure39,right_pressure40,right_pressure41,right_pressure42,right_pressure43,right_pressure44,left_foot_q0,left_foot_q1,left_foot_q2,left_foot_q3,left_pressure0,left_pressure1,left_pressure2,left_pressure3,left_pressure4,left_pressure5,left_pressure6,left_pressure7,left_pressure8,left_pressure9,left_pressure10,left_pressure11,left_pressure12,left_pressure13,left_pressure14,left_pressure15,left_pressure16,left_pressure17,left_pressure18,left_pressure19,left_pressure20,left_pressure21,left_pressure22,left_pressure23,left_pressure24,left_pressure25,left_pressure26,left_pressure27,left_pressure28,left_pressure29,left_pressure30,left_pressure31,left_pressure32,left_pressure33,left_pressure34,left_pressure35,left_pressure36,left_pressure37,left_pressure38,left_pressure39,left_pressure40,left_pressure41,left_pressure42,left_pressure43,left_pressure44,right_pressure_sum,left_pressure_sum
08:30.1,3583,-0.538,-0.571,-0.48,-0.392,0.308,0.499,-0.546,-0.598,0.149,-0.253,0.642,0.709,-0.055,-0.061,0.724,0.685,0.524,0.349,-0.528,-0.569,0.515,-0.488,-0.614,-0.346,0.001,0.001,0.001,0.001,0.001,0.001,0.088,0.049,0.001,0.001,0.002,0.009,0.001,0.001,0.23,0.37,0.231,0.001,0.001,0.001,0.001,0.032,0.001,0.455,0.703,0.199,0.492,0.001,0.001,0.001,0.001,0.001,0.574,0.691,0.393,0.366,0.001,0.788,0.744,1.061,0.403,0.507,0.261,0.606,0.004,0.518,0.471,-0.328,0.634,0,0.001,0,0,0,0.001,0.001,0.001,0,0.001,0,0,0.001,0,0,0.012,0,0,0.001,0.001,0.001,0,0,0,0,0,0,0,0.001,0.001,0,0.001,0,0.001,0,0.005,0,0,0.001,0.001,0.001,0,0,0,0,9.279,0.033
08:30.1,3584,-0.539,-0.571,-0.479,-0.392,0.307,0.499,-0.544,-0.601,0.144,-0.253,0.645,0.707,-0.061,-0.063,0.728,0.68,0.524,0.349,-0.529,-0.569,0.517,-0.528,-0.585,-0.335,0.001,0.001,0.001,0.001,0.001,0.001,0.079,0.048,0.001,0.001,0.004,0.009,0.001,0.001,0.227,0.368,0.228,0.001,0.001,0.001,0.001,0.031,0.001,0.452,0.703,0.197,0.491,0.001,0.001,0.001,0.001,0.001,0.573,0.694,0.398,0.372,0.001,0.786,0.75,1.059,0.407,0.512,0.263,0.614,0.004,0.508,0.468,-0.34,0.638,0.984,0.766,0.122,0.001,0.001,0.001,0,0.001,0.75,0.873,0.731,0,0,0.001,0.001,0.033,0,0.357,0.874,0.532,0.001,0.001,0,0,0.001,0.001,0,0.043,0.001,0,0.001,0,0.001,0,0.001,0.012,0.001,0,0,0,0.001,0.001,0.002,0.001,0,9.29,6.097
08:30.1,3585,-0.538,-0.572,-0.478,-0.394,0.306,0.499,-0.542,-0.603,0.137,-0.256,0.648,0.704,-0.069,-0.072,0.727,0.679,0.523,0.35,-0.531,-0.568,0.516,-0.536,-0.578,-0.334,0.001,0.001,0.001,0.001,0.001,0.001,0.018,0.02,0.001,0.001,0.01,0.007,0.001,0.001,0.127,0.25,0.217,0.001,0.001,0.001,0.001,0.001,0.001,0.227,0.574,0.219,0.441,0.001,0.001,0.001,0.001,0.001,0.397,0.665,0.459,0.25,0.001,0.807,0.907,1.111,0.617,0.661,0.319,0.578,0.004,0.512,0.44,-0.365,0.641,0.943,0.72,0.154,0.001,0.001,0.001,0,0.001,0.685,0.868,0.757,0,0.001,0.001,0.007,0.042,0,0.35,0.91,0.628,0,0.001,0.001,0,0,0,0,0.082,0.001,0.001,0,0,0,0,0,0,0,0.001,0.001,0,0,0,0.016,0.001,0.001,8.907,6.176
08:30.1,3586,-0.537,-0.572,-0.476,-0.397,0.306,0.499,-0.539,-0.605,0.132,-0.263,0.652,0.699,-0.072,-0.076,0.724,0.681,0.523,0.35,-0.534,-0.565,0.514,-0.552,-0.565,-0.333,0.001,0.001,0.001,0.001,0.001,0.001,0.02,0.009,0.001,0.001,0.01,0.001,0.001,0.001,0.118,0.232,0.215,0.001,0.001,0.001,0.001,0.001,0.001,0.178,0.502,0.215,0.413,0.001,0.001,0.001,0.001,0.001,0.336,0.664,0.465,0.226,0.001,0.803,0.955,1.117,0.63,0.701,0.331,0.565,0.004,0.512,0.44,-0.365,0.641,0.943,0.72,0.154,0.001,0.001,0.001,0,0.001,0.685,0.868,0.757,0,0.001,0.001,0.007,0.042,0,0.35,0.91,0.628,0,0.001,0.001,0,0,0,0,0.082,0.001,0.001,0,0,0,0,0,0,0,0.001,0.001,0,0,0,0.016,0.001,0.001,8.732,6.176
08:30.1,3587,-0.534,-0.573,-0.475,-0.4,0.307,0.498,-0.536,-0.608,0.13,-0.269,0.654,0.695,-0.068,-0.074,0.722,0.685,0.522,0.35,-0.537,-0.563,0.511,-0.567,-0.554,-0.333,0.001,0.001,0.001,0.001,0.001,0.001,0.015,0.007,0.001,0.001,0.007,0.001,0.001,0.001,0.107,0.192,0.208,0.001,0.001,0.001,0.001,0.001,0.001,0.15,0.457,0.199,0.394,0.001,0.001,0.001,0.001,0.001,0.289,0.629,0.471,0.206,0.001,0.778,1.007,1.131,0.635,0.756,0.338,0.551,0.002,0.512,0.44,-0.365,0.641,0.943,0.72,0.154,0.001,0.001,0.001,0,0.001,0.685,0.868,0.757,0,0.001,0.001,0.007,0.042,0,0.35,0.91,0.628,0,0.001,0.001,0,0,0,0,0.082,0.001,0.001,0,0,0,0,0,0,0,0.001,0.001,0,0,0,0.016,0.001,0.001,8.552,6.176
08:30.1,3588,-0.532,-0.573,-0.474,-0.404,0.309,0.498,-0.534,-0.61,0.132,-0.271,0.652,0.696,-0.063,-0.065,0.722,0.686,0.521,0.35,-0.539,-0.561,0.511,-0.567,-0.554,-0.333,0.001,0.001,0.001,0.001,0.001,0.001,0.015,0.007,0.001,0.001,0.007,0.001,0.001,0.001,0.107,0.192,0.208,0.001,0.001,0.001,0.001,0.001,0.001,0.15,0.457,0.199,0.394,0.001,0.001,0.001,0.001,0.001,0.289,0.629,0.471,0.206,0.001,0.778,1.007,1.131,0.635,0.756,0.338,0.551,0.002,0.512,0.44,-0.365,0.641,0.943,0.72,0.154,0.001,0.001,0.001,0,0.001,0.685,0.868,0.757,0,0.001,0.001,0.007,0.042,0,0.35,0.91,0.628,0,0.001,0.001,0,0,0,0,0.082,0.001,0.001,0,0,0,0,0,0,0,0.001,0.001,0,0,0,0.016,0.001,0.001,8.552,6.176
08:30.1,3589,-0.53,-0.574,-0.472,-0.408,0.31,0.498,-0.531,-0.612,0.134,-0.269,0.65,0.698,-0.059,-0.053,0.721,0.688,0.52,0.35,-0.54,-0.561,0.511,-0.567,-0.554,-0.333,0.001,0.001,0.001,0.001,0.001,0.001,0.015,0.007,0.001,0.001,0.007,0.001,0.001,0.001,0.107,0.192,0.208,0.001,0.001,0.001,0.001,0.001,0.001,0.15,0.457,0.199,0.394,0.001,0.001,0.001,0.001,0.001,0.289,0.629,0.471,0.206,0.001,0.778,1.007,1.131,0.635,0.756,0.338,0.551,0.002,0.512,0.44,-0.365,0.641,0.943,0.72,0.154,0.001,0.001,0.001,0,0.001,0.685,0.868,0.757,0,0.001,0.001,0.007,0.042,0,0.35,0.91,0.628,0,0.001,0.001,0,0,0,0,0.082,0.001,0.001,0,0,0,0,0,0,0,0.001,0.001,0,0,0,0.016,0.001,0.001,8.552,6.176
08:30.1,3590,-0.53,-0.574,-0.469,-0.411,0.311,0.497,-0.528,-0.614,0.13,-0.264,0.65,0.7,-0.058,-0.04,0.719,0.691,0.519,0.35,-0.54,-0.563,0.511,-0.567,-0.554,-0.333,0.001,0.001,0.001,0.001,0.001,0.001,0.015,0.007,0.001,0.001,0.007,0.001,0.001,0.001,0.107,0.192,0.208,0.001,0.001,0.001,0.001,0.001,0.001,0.15,0.457,0.199,0.394,0.001,0.001,0.001,0.001,0.001,0.289,0.629,0.471,0.206,0.001,0.778,1.007,1.131,0.635,0.756,0.338,0.551,0.002,0.512,0.44,-0.365,0.641,0.943,0.72,0.154,0.001,0.001,0.001,0,0.001,0.685,0.868,0.757,0,0.001,0.001,0.007,0.042,0,0.35,0.91,0.628,0,0.001,0.001,0,0,0,0,0.082,0.001,0.001,0,0,0,0,0,0,0,0.001,0.001,0,0,0,0.016,0.001,0.001,8.552,6.176
08:30.2,3591,-0.53,-0.575,-0.464,-0.415,0.311,0.496,-0.525,-0.617,0.118,-0.257,0.655,0.7,-0.058,-0.028,0.717,0.694,0.518,0.35,-0.539,-0.565,0.511,-0.567,-0.554,-0.333,0.001,0.001,0.001,0.001,0.001,0.001,0.015,0.007,0.001,0.001,0.007,0.001,0.001,0.001,0.107,0.192,0.208,0.001,0.001,0.001,0.001,0.001,0.001,0.15,0.457,0.199,0.394,0.001,0.001,0.001,0.001,0.001,0.289,0.629,0.471,0.206,0.001,0.778,1.007,1.131,0.635,0.756,0.338,0.551,0.002,0.512,0.44,-0.365,0.641,0.943,0.72,0.154,0.001,0.001,0.001,0,0.001,0.685,0.868,0.757,0,0.001,0.001,0.007,0.042,0,0.35,0.91,0.628,0,0.001,0.001,0,0,0,0,0.082,0.001,0.001,0,0,0,0,0,0,0,0.001,0.001,0,0,0,0.016,0.001,0.001,8.552,6.176
08:30.2,3592,-0.532,-0.576,-0.458,-0.419,0.311,0.496,-0.523,-0.62,0.101,-0.248,0.663,0.699,-0.058,-0.018,0.716,0.695,0.515,0.351,-0.538,-0.568,0.511,-0.567,-0.554,-0.333,0.001,0.001,0.001,0.001,0.001,0.001,0.015,0.007,0.001,0.001,0.007,0.001,0.001,0.001,0.107,0.192,0.208,0.001,0.001,0.001,0.001,0.001,0.001,0.15,0.457,0.199,0.394,0.001,0.001,0.001,0.001,0.001,0.289,0.629,0.471,0.206,0.001,0.778,1.007,1.131,0.635,0.756,0.338,0.551,0.002,0.517,0.356,-0.449,0.635,0.917,0.692,0.183,0.001,0,0.001,0,0.001,0.641,0.874,0.789,0,0.001,0,0.021,0.059,0.001,0.33,0.921,0.696,0,0,0.001,0,0,0,0,0.104,0.005,0,0.001,0,0.001,0,0.001,0,0,0,0,0.001,0,0,0.016,0,0,8.552,6.258
08:30.2,3593,-0.533,-0.576,-0.452,-0.423,0.31,0.494,-0.52,-0.624,0.089,-0.242,0.67,0.696,-0.06,-0.009,0.717,0.694,0.511,0.352,-0.538,-0.57,0.511,-0.567,-0.554,-0.333,0.001,0.001,0.001,0.001,0.001,0.001,0.015,0.007,0.001,0.001,0.007,0.001,0.001,0.001,0.107,0.192,0.208,0.001,0.001,0.001,0.001,0.001,0.001,0.15,0.457,0.199,0.394,0.001,0.001,0.001,0.001,0.001,0.289,0.629,0.471,0.206,0.001,0.778,1.007,1.131,0.635,0.756,0.338,0.551,0.002,0.517,0.354,-0.453,0.634,0.961,0.83,0.678,0.143,0.101,0.001,0.26,0.001,0.357,0.916,0.861,0.432,0.012,0,0.516,0.094,0,0.054,0.869,0.818,0.306,0,0,0.072,0.072,0,0,0.105,0.225,0.044,0.001,0.001,0.001,0,0,0,0.001,0.032,0.001,0.001,0.001,0,0.009,0.001,0,8.552,8.777
08:30.2,3594,-0.535,-0.577,-0.444,-0.428,0.308,0.493,-0.518,-0.627,0.083,-0.239,0.674,0.694,-0.063,0.001,0.72,0.691,0.505,0.353,-0.541,-0.572,0.511,-0.567,-0.554,-0.333,0.001,0.001,0.001,0.001,0.001,0.001,0.015,0.007,0.001,0.001,0.007,0.001,0.001,0.001,0.107,0.192,0.208,0.001,0.001,0.001,0.001,0.001,0.001,0.15,0.457,0.199,0.394,0.001,0.001,0.001,0.001,0.001,0.289,0.629,0.471,0.206,0.001,0.778,1.007,1.131,0.635,0.756,0.338,0.551,0.002,0.517,0.354,-0.453,0.634,0.961,0.83,0.678,0.143,0.101,0.001,0.26,0.001,0.357,0.916,0.861,0.432,0.012,0,0.516,0.094,0,0.054,0.869,0.818,0.306,0,0,0.072,0.072,0,0,0.105,0.225,0.044,0.001,0.001,0.001,0,0,0,0.001,0.032,0.001,0.001,0.001,0,0.009,0.001,0,8.552,8.777
08:30.2,3595,-0.538,-0.578,-0.436,-0.432,0.307,0.493,-0.516,-0.63,0.081,-0.236,0.676,0.693,-0.067,0.01,0.723,0.687,0.498,0.355,-0.545,-0.573,0.478,-0.721,-0.373,-0.335,0.001,0.001,0.001,0.002,0.001,0.001,0.01,0.005,0.001,0.001,0.001,0.001,0.001,0.001,0.106,0.167,0.201,0.001,0.001,0.001,0.001,0.001,0.001,0.139,0.397,0.172,0.365,0.001,0.001,0.001,0.001,0.001,0.259,0.614,0.468,0.178,0.001,0.769,1.035,1.147,0.639,0.767,0.337,0.543,0.002,0.517,0.354,-0.453,0.634,0.961,0.83,0.678,0.143,0.101,0.001,0.26,0.001,0.357,0.916,0.861,0.432,0.012,0,0.516,0.094,0,0.054,0.869,0.818,0.306,0,0,0.072,0.072,0,0,0.105,0.225,0.044,0.001,0.001,0.001,0,0,0,0.001,0.032,0.001,0.001,0.001,0,0.009,0.001,0,8.345,8.777
08:30.2,3596,-0.541,-0.579,-0.426,-0.436,0.305,0.495,-0.514,-0.63,0.081,-0.231,0.678,0.692,-0.073,0.019,0.727,0.682,0.492,0.356,-0.55,-0.573,0.476,-0.737,-0.345,-0.332,0.001,0.001,0.001,0.001,0.001,0.001,0.001,0.001,0.001,0.001,0.001,0.001,0.001,0.001,0.117,0.085,0.002,0.001,0.001,0.001,0.001,0.001,0.001,0.098,0.139,0.061,0.068,0.001,0.001,0.001,0.001,0.001,0.164,0.203,0.066,0.16,0.001,0.343,0.325,0.632,0.342,0.059,0.076,0.348,0.001,0.517,0.354,-0.453,0.634,0.961,0.83,0.678,0.143,0.101,0.001,0.26,0.001,0.357,0.916,0.861,0.432,0.012,0,0.516,0.094,0,0.054,0.869,0.818,0.306,0,0,0.072,0.072,0,0,0.105,0.225,0.044,0.001,0.001,0.001,0,0,0,0.001,0.032,0.001,0.001,0.001,0,0.009,0.001,0,3.315,8.777
08:30.2,3597,-0.544,-0.581,-0.417,-0.44,0.305,0.498,-0.513,-0.629,0.082,-0.225,0.681,0.692,-0.081,0.025,0.732,0.676,0.485,0.358,-0.556,-0.572,0.475,-0.757,-0.302,-0.33,0,0.001,0.001,0.001,0.001,0.001,0.001,0.001,0.001,0.001,0.001,0.001,0.001,0.001,0.085,0.046,0.002,0.001,0.001,0.001,0.001,0.001,0.001,0.071,0.116,0.021,0.062,0.001,0.001,0.001,0.001,0.001,0.153,0.186,0.038,0.106,0.001,0.209,0.309,0.484,0.153,0.002,0.033,0.276,0.001,0.517,0.354,-0.453,0.634,0.961,0.83,0.678,0.143,0.101,0.001,0.26,0.001,0.357,0.916,0.861,0.432,0.012,0,0.516,0.094,0,0.054,0.869,0.818,0.306,0,0,0.072,0.072,0,0,0.105,0.225,0.044,0.001,0.001,0.001,0,0,0,0.001,0.032,0.001,0.001,0.001,0,0.009,0.001,0,2.378,8.777
08:30.2,3598,-0.547,-0.582,-0.407,-0.443,0.306,0.504,-0.51,-0.626,0.081,-0.216,0.684,0.692,-0.091,0.03,0.735,0.671,0.48,0.358,-0.561,-0.57,0.476,-0.768,-0.274,-0.329,0.001,0.001,0.001,0.001,0.001,0.001,0.001,0.001,0.001,0.001,0.001,0.001,0.001,0.001,0.028,0.016,0.001,0.001,0.001,0.001,0.001,0.001,0.001,0.044,0.107,0.001,0.018,0.001,0.001,0.001,0.001,0.001,0.092,0.142,0.013,0.065,0.001,0.089,0.227,0.337,0.068,0.001,0.001,0.171,0.001,0.517,0.354,-0.453,0.634,0.961,0.83,0.678,0.143,0.101,0.001,0.26,0.001,0.357,0.916,0.861,0.432,0.012,0,0.516,0.094,0,0.054,0.869,0.818,0.306,0,0,0.072,0.072,0,0,0.105,0.225,0.044,0.001,0.001,0.001,0,0,0,0.001,0.032,0.001,0.001,0.001,0,0.009,0.001,0,1.448,8.777
08:30.2,3599,-0.55,-0.585,-0.397,-0.445,0.308,0.514,-0.507,-0.619,0.078,-0.206,0.688,0.691,-0.102,0.034,0.737,0.667,0.477,0.359,-0.566,-0.569,0.48,-0.78,-0.233,-0.327,0,0.001,0.001,0.001,0.001,0.001,0.001,0.001,0.001,0.001,0.001,0.001,0.001,0.001,0.001,0.001,0.001,0.001,0.001,0.001,0.001,0.001,0.001,0.001,0.053,0.001,0.001,0.001,0.001,0.001,0.001,0.001,0.026,0.067,0.001,0.024,0.001,0.024,0.114,0.166,0.001,0.001,0.001,0.054,0.001,0.517,0.354,-0.453,0.634,0.961,0.83,0.678,0.143,0.101,0.001,0.26,0.001,0.357,0.916,0.861,0.432,0.012,0,0.516,0.094,0,0.054,0.869,0.818,0.306,0,0,0.072,0.072,0,0,0.105,0.225,0.044,0.001,0.001,0.001,0,0,0,0.001,0.032,0.001,0.001,0.001,0,0.009,0.001,0,0.564,8.777
08:30.2,3600,-0.553,-0.587,-0.387,-0.447,0.312,0.529,-0.503,-0.608,0.071,-0.197,0.694,0.689,-0.11,0.037,0.738,0.665,0.474,0.36,-0.568,-0.568,0.48,-0.788,-0.201,-0.329,0.001,0.001,0.001,0.001,0.001,0.001,0.001,0.001,0.001,0.001,0.001,0.001,0.001,0.001,0.001,0.001,0.001,0.001,0.001,0.001,0.001,0.001,0.001,0.001,0.032,0.001,0.001,0.001,0.001,0.001,0.001,0.001,0.001,0.031,0.001,0.001,0.001,0,0.038,0.002,0.001,0.001,0.001,0.001,0.001,0.545,0.291,-0.512,0.596,0.961,0.83,0.678,0.143,0.101,0.001,0.26,0.001,0.357,0.916,0.861,0.432,0.012,0,0.516,0.094,0,0.054,0.869,0.818,0.306,0,0,0.072,0.072,0,0,0.105,0.225,0.044,0.001,0.001,0.001,0,0,0,0.001,0.032,0.001,0.001,0.001,0,0.009,0.001,0,0.143,8.777
08:30.3,3601,-0.555,-0.591,-0.377,-0.449,0.314,0.549,-0.498,-0.594,0.061,-0.188,0.7,0.686,-0.117,0.039,0.738,0.663,0.472,0.361,-0.57,-0.568,0.47,-0.799,-0.17,-0.333,0.001,0.001,0.001,0.001,0.001,0.001,0.001,0.001,0.001,0.001,0.001,0.001,0.001,0.001,0.001,0.001,0.001,0.001,0.001,0.001,0.001,0.001,0.001,0.001,0.013,0.001,0.001,0.001,0.001,0.001,0.001,0.001,0.001,0.012,0.001,0.001,0.001,0.001,0.013,0.001,0.001,0.001,0.001,0.001,0.001,0.55,0.285,-0.519,0.588,0.96,0.842,0.741,0.437,0.578,0.103,0.604,0.012,0.292,0.899,0.851,0.64,0.098,0.032,0.48,0.314,0,0.016,0.867,0.817,0.493,0.011,0,0.26,0.746,0,0,0.118,0.244,0.149,0.001,0,0.081,0.324,0.001,0,0.001,0.001,0.122,0.001,0,0,0.013,0,0,0.08,12.149
08:30.3,3602,-0.555,-0.594,-0.368,-0.451,0.312,0.569,-0.491,-0.581,0.05,-0.181,0.706,0.683,-0.121,0.041,0.738,0.662,0.47,0.362,-0.57,-0.568,0.47,-0.799,-0.17,-0.333,0.001,0.001,0.001,0.001,0.001,0.001,0.001,0.001,0.001,0.001,0.001,0.001,0.001,0.001,0.001,0.001,0.001,0.001,0.001,0.001,0.001,0.001,0.001,0.001,0.013,0.001,0.001,0.001,0.001,0.001,0.001,0.001,0.001,0.012,0.001,0.001,0.001,0.001,0.013,0.001,0.001,0.001,0.001,0.001,0.001,0.557,0.278,-0.528,0.577,0.963,0.842,0.746,0.455,0.611,0.118,0.612,0.013,0.295,0.897,0.849,0.651,0.112,0.037,0.474,0.328,0,0.018,0.866,0.816,0.493,0.006,0.001,0.261,0.74,0.001,0.001,0.12,0.244,0.149,0.001,0.001,0.088,0.347,0.001,0,0,0.001,0.139,0.001,0.001,0,0.015,0,0,0.08,12.314
08:30.3,3603,-0.553,-0.598,-0.36,-0.454,0.305,0.588,-0.485,-0.571,0.039,-0.174,0.712,0.679,-0.123,0.043,0.739,0.661,0.468,0.364,-0.57,-0.569,0.47,-0.799,-0.17,-0.333,0.001,0.001,0.001,0.001,0.001,0.001,0.001,0.001,0.001,0.001,0.001,0.001,0.001,0.001,0.001,0.001,0.001,0.001,0.001,0.001,0.001,0.001,0.001,0.001,0.013,0.001,0.001,0.001,0.001,0.001,0.001,0.001,0.001,0.012,0.001,0.001,0.001,0.001,0.013,0.001,0.001,0.001,0.001,0.001,0.001,0.563,0.272,-0.535,0.568,0.966,0.845,0.751,0.475,0.619,0.149,0.618,0.015,0.292,0.897,0.849,0.659,0.123,0.039,0.469,0.331,0.001,0.018,0.864,0.811,0.491,0.01,0.001,0.263,0.735,0,0,0.117,0.244,0.151,0.001,0,0.089,0.368,0.001,0.001,0.001,0,0.151,0.001,0,0,0.016,0,0,0.08,12.432
08:30.3,3604,-0.551,-0.602,-0.353,-0.458,0.296,0.602,-0.478,-0.567,0.031,-0.169,0.716,0.676,-0.123,0.045,0.739,0.661,0.465,0.366,-0.57,-0.569,0.47,-0.799,-0.17,-0.333,0.001,0.001,0.001,0.001,0.001,0.001,0.001,0.001,0.001,0.001,0.001,0.001,0.001,0.001,0.001,0.001,0.001,0.001,0.001,0.001,0.001,0.001,0.001,0.001,0.013,0.001,0.001,0.001,0.001,0.001,0.001,0.001,0.001,0.012,0.001,0.001,0.001,0.001,0.013,0.001,0.001,0.001,0.001,0.001,0.001,0.57,0.265,-0.544,0.556,0.965,0.847,0.755,0.491,0.636,0.161,0.63,0.018,0.293,0.897,0.847,0.664,0.133,0.043,0.466,0.336,0,0.016,0.861,0.811,0.491,0.01,0.001,0.264,0.735,0.001,0,0.112,0.238,0.15,0.001,0,0.096,0.398,0,0.001,0.001,0.004,0.159,0.001,0,0.001,0.017,0.001,0.001,0.08,12.553
08:30.3,3605,-0.547,-0.606,-0.346,-0.462,0.286,0.613,-0.471,-0.567,0.024,-0.164,0.719,0.674,-0.124,0.048,0.738,0.661,0.464,0.368,-0.569,-0.57,0.47,-0.799,-0.17,-0.333,0.001,0.001,0.001,0.001,0.001,0.001,0.001,0.001,0.001,0.001,0.001,0.001,0.001,0.001,0.001,0.001,0.001,0.001,0.001,0.001,0.001,0.001,0.001,0.001,0.013,0.001,0.001,0.001,0.001,0.001,0.001,0.001,0.001,0.012,0.001,0.001,0.001,0.001,0.013,0.001,0.001,0.001,0.001,0.001,0.001,0.574,0.26,-0.55,0.548,0.957,0.852,0.757,0.505,0.673,0.186,0.639,0.023,0.289,0.899,0.85,0.669,0.148,0.04,0.469,0.333,0.001,0.01,0.855,0.805,0.485,0.01,0.001,0.249,0.736,0,0,0.105,0.234,0.14,0.001,0.001,0.098,0.408,0,0.001,0,0.004,0.164,0.001,0.001,0,0.017,0,0,0.08,12.616
08:30.3,3606,-0.542,-0.61,-0.34,-0.468,0.275,0.622,-0.464,-0.568,0.019,-0.159,0.722,0.673,-0.125,0.05,0.738,0.661,0.462,0.371,-0.568,-0.571,0.47,-0.799,-0.17,-0.333,0.001,0.001,0.001,0.001,0.001,0.001,0.001,0.001,0.001,0.001,0.001,0.001,0.001,0.001,0.001,0.001,0.001,0.001,0.001,0.001,0.001,0.001,0.001,0.001,0.013,0.001,0.001,0.001,0.001,0.001,0.001,0.001,0.001,0.012,0.001,0.001,0.001,0.001,0.013,0.001,0.001,0.001,0.001,0.001,0.001,0.579,0.255,-0.557,0.538,0.944,0.86,0.761,0.519,0.723,0.22,0.661,0.028,0.282,0.902,0.855,0.675,0.15,0.05,0.466,0.33,0.001,0.01,0.844,0.795,0.485,0.009,0.001,0.244,0.74,0,0,0.096,0.226,0.128,0.001,0.001,0.096,0.419,0,0.001,0,0.006,0.168,0,0,0.001,0.017,0,0,0.08,12.715
08:30.3,3607,-0.536,-0.613,-0.335,-0.473,0.263,0.627,-0.458,-0.572,0.014,-0.155,0.723,0.672,-0.128,0.053,0.738,0.66,0.461,0.373,-0.566,-0.572,0.47,-0.799,-0.17,-0.333,0.001,0.001,0.001,0.001,0.001,0.001,0.001,0.001,0.001,0.001,0.001,0.001,0.001,0.001,0.001,0.001,0.001,0.001,0.001,0.001,0.001,0.001,0.001,0.001,0.013,0.001,0.001,0.001,0.001,0.001,0.001,0.001,0.001,0.012,0.001,0.001,0.001,0.001,0.013,0.001,0.001,0.001,0.001,0.001,0.001,0.583,0.251,-0.563,0.53,0.913,0.872,0.769,0.532,0.761,0.272,0.691,0.037,0.258,0.904,0.861,0.686,0.155,0.048,0.471,0.347,0.024,0.009,0.83,0.784,0.475,0.01,0.001,0.225,0.745,0.001,0.001,0.082,0.212,0.112,0.001,0,0.093,0.42,0,0.02,0,0.006,0.167,0.001,0,0.001,0.016,0.001,0,0.08,12.814
08:30.3,3608,-0.53,-0.616,-0.331,-0.479,0.25,0.628,-0.455,-0.579,0.008,-0.151,0.725,0.672,-0.132,0.055,0.738,0.659,0.46,0.376,-0.565,-0.572,0.474,-0.766,-0.239,-0.362,0.001,0.001,0.001,0.001,0.001,0.001,0.001,0.001,0.001,0.001,0.001,0.001,0.001,0.001,0.001,0.001,0.001,0.001,0.001,0.001,0.001,0.001,0.001,0.001,0.012,0.001,0.001,0.001,0.001,0.001,0.001,0.001,0.001,0.007,0.001,0.001,0.001,0.001,0.006,0.001,0.001,0.001,0.001,0.001,0.001,0.583,0.251,-0.563,0.53,0.913,0.872,0.769,0.532,0.761,0.272,0.691,0.037,0.258,0.904,0.861,0.686,0.155,0.048,0.471,0.347,0.024,0.009,0.83,0.784,0.475,0.01,0.001,0.225,0.745,0.001,0.001,0.082,0.212,0.112,0.001,0,0.093,0.42,0,0.02,0,0.006,0.167,0.001,0,0.001,0.016,0.001,0,0.067,12.814
08:30.3,3609,-0.524,-0.618,-0.328,-0.485,0.24,0.626,-0.453,-0.587,0.003,-0.147,0.726,0.672,-0.137,0.056,0.739,0.658,0.46,0.378,-0.563,-0.572,0.481,-0.755,-0.268,-0.355,0.001,0.001,0.001,0.001,0.001,0.001,0.001,0.001,0.001,0.001,0.001,0.001,0.001,0.001,0.001,0.001,0.001,0.001,0.001,0.001,0.001,0.001,0.001,0.001,0.01,0.001,0.001,0.001,0.001,0.001,0.001,0.001,0.001,0.012,0.001,0.001,0.001,0.001,0.001,0.001,0.001,0.001,0.001,0.001,0.001,0.583,0.251,-0.563,0.53,0.913,0.872,0.769,0.532,0.761,0.272,0.691,0.037,0.258,0.904,0.861,0.686,0.155,0.048,0.471,0.347,0.024,0.009,0.83,0.784,0.475,0.01,0.001,0.225,0.745,0.001,0.001,0.082,0.212,0.112,0.001,0,0.093,0.42,0,0.02,0,0.006,0.167,0.001,0,0.001,0.016,0.001,0,0.065,12.814
08:30.3,3610,-0.518,-0.619,-0.326,-0.491,0.232,0.623,-0.453,-0.594,-0.004,-0.142,0.728,0.67,-0.142,0.055,0.739,0.656,0.46,0.381,-0.562,-0.572,0.459,-0.762,-0.269,-0.369,0.001,0.001,0.001,0.001,0.001,0.001,0.001,0.001,0,0.001,0.001,0.001,0.001,0.001,0.001,0.001,0.001,0.001,0.001,0,0.001,0.001,0.001,0.001,0.009,0.001,0.001,0.001,0.001,0.001,0.001,0.001,0.001,0.006,0.001,0.001,0.001,0.001,0.001,0.001,0.001,0.001,0.001,0.001,0.001,0.583,0.251,-0.563,0.53,0.913,0.872,0.769,0.532,0.761,0.272,0.691,0.037,0.258,0.904,0.861,0.686,0.155,0.048,0.471,0.347,0.024,0.009,0.83,0.784,0.475,0.01,0.001,0.225,0.745,0.001,0.001,0.082,0.212,0.112,0.001,0,0.093,0.42,0,0.02,0,0.006,0.167,0.001,0,0.001,0.016,0.001,0,0.056,12.814
08:30.4,3611,-0.512,-0.62,-0.325,-0.498,0.226,0.62,-0.454,-0.599,-0.012,-0.138,0.731,0.669,-0.147,0.054,0.74,0.655,0.461,0.383,-0.56,-0.572,0.449,-0.761,-0.273,-0.38,0.001,0.001,0.001,0.001,0.001,0.001,0.001,0.001,0.001,0.001,0.001,0.001,0.001,0.001,0.001,0.001,0.001,0.001,0.001,0.001,0.001,0.001,0.001,0.001,0.01,0.001,0.001,0.001,0.001,0.001,0.001,0.001,0.001,0.007,0.001,0.001,0.001,0.001,0.001,0.001,0.001,0.001,0.001,0.001,0.001,0.583,0.251,-0.563,0.53,0.913,0.872,0.769,0.532,0.761,0.272,0.691,0.037,0.258,0.904,0.861,0.686,0.155,0.048,0.471,0.347,0.024,0.009,0.83,0.784,0.475,0.01,0.001,0.225,0.745,0.001,0.001,0.082,0.212,0.112,0.001,0,0.093,0.42,0,0.02,0,0.006,0.167,0.001,0,0.001,0.016,0.001,0,0.06,12.814
08:30.4,3612,-0.507,-0.62,-0.324,-0.504,0.221,0.617,-0.456,-0.602,-0.02,-0.134,0.733,0.666,-0.15,0.053,0.74,0.653,0.461,0.386,-0.558,-0.572,0.436,-0.755,-0.275,-0.405,0.001,0.001,0.001,0.001,0.001,0.001,0.001,0.001,0.001,0.001,0.001,0.001,0.001,0.001,0.001,0.001,0.001,0.001,0.001,0.001,0.001,0.001,0.001,0.001,0.009,0.001,0.001,0.001,0.001,0.001,0.001,0.001,0.001,0.005,0.001,0.001,0.001,0.001,0.001,0.001,0.001,0.001,0.001,0.001,0.001,0.583,0.251,-0.563,0.53,0.913,0.872,0.769,0.532,0.761,0.272,0.691,0.037,0.258,0.904,0.861,0.686,0.155,0.048,0.471,0.347,0.024,0.009,0.83,0.784,0.475,0.01,0.001,0.225,0.745,0.001,0.001,0.082,0.212,0.112,0.001,0,0.093,0.42,0,0.02,0,0.006,0.167,0.001,0,0.001,0.016,0.001,0,0.057,12.814
08:30.4,3613,-0.502,-0.62,-0.323,-0.51,0.217,0.614,-0.458,-0.605,-0.028,-0.131,0.736,0.663,-0.153,0.051,0.741,0.652,0.461,0.388,-0.556,-0.572,0.427,-0.747,-0.279,-0.427,0.001,0.001,0.001,0.001,0.001,0.001,0.001,0.001,0.001,0.001,0.001,0.001,0.001,0.001,0.001,0.001,0.001,0.001,0.001,0.001,0.001,0.001,0.001,0.001,0.007,0.001,0.001,0.001,0.001,0.001,0.001,0.001,0.001,0.005,0.001,0.001,0.001,0.001,0.001,0.001,0.001,0.001,0.001,0.001,0.001,0.583,0.251,-0.563,0.53,0.913,0.872,0.769,0.532,0.761,0.272,0.691,0.037,0.258,0.904,0.861,0.686,0.155,0.048,0.471,0.347,0.024,0.009,0.83,0.784,0.475,0.01,0.001,0.225,0.745,0.001,0.001,0.082,0.212,0.112,0.001,0,0.093,0.42,0,0.02,0,0.006,0.167,0.001,0,0.001,0.016,0.001,0,0.055,12.814
08:30.4,3614,-0.497,-0.619,-0.323,-0.516,0.215,0.61,-0.461,-0.608,-0.035,-0.128,0.739,0.66,-0.154,0.048,0.742,0.651,0.462,0.391,-0.554,-0.572,0.427,-0.747,-0.279,-0.427,0.001,0.001,0.001,0.001,0.001,0.001,0.001,0.001,0.001,0.001,0.001,0.001,0.001,0.001,0.001,0.001,0.001,0.001,0.001,0.001,0.001,0.001,0.001,0.001,0.007,0.001,0.001,0.001,0.001,0.001,0.001,0.001,0.001,0.005,0.001,0.001,0.001,0.001,0.001,0.001,0.001,0.001,0.001,0.001,0.001,0.612,0.211,-0.61,0.456,0.89,0.88,0.774,0.543,0.799,0.293,0.722,0.046,0.249,0.904,0.866,0.692,0.155,0.055,0.466,0.358,0.028,0.007,0.812,0.778,0.463,0.009,0.001,0.217,0.744,0.001,0.001,0.076,0.195,0.105,0.001,0,0.09,0.426,0.001,0.023,0,0.007,0.164,0.001,0,0.001,0.013,0,0.001,0.055,12.857
08:30.4,3615,-0.492,-0.618,-0.323,-0.521,0.215,0.606,-0.464,-0.61,-0.042,-0.125,0.742,0.658,-0.154,0.046,0.742,0.651,0.461,0.393,-0.552,-0.572,0.427,-0.747,-0.279,-0.427,0.001,0.001,0.001,0.001,0.001,0.001,0.001,0.001,0.001,0.001,0.001,0.001,0.001,0.001,0.001,0.001,0.001,0.001,0.001,0.001,0.001,0.001,0.001,0.001,0.007,0.001,0.001,0.001,0.001,0.001,0.001,0.001,0.001,0.005,0.001,0.001,0.001,0.001,0.001,0.001,0.001,0.001,0.001,0.001,0.001,0.616,0.206,-0.614,0.448,0.647,0.863,0.766,0.621,1.024,0.495,0.852,0.112,0.132,0.86,0.863,0.722,0.208,0.117,0.531,0.421,0.162,0.002,0.785,0.758,0.407,0.01,0.002,0.259,0.774,0.001,0.001,0.031,0.11,0.046,0.001,0,0.098,0.426,0.001,0.027,0.001,0.007,0.149,0,0,0.001,0.009,0.001,0,0.055,13.303
08:30.4,3616,-0.488,-0.617,-0.323,-0.526,0.217,0.601,-0.466,-0.612,-0.048,-0.123,0.743,0.655,-0.155,0.044,0.742,0.65,0.461,0.396,-0.551,-0.572,0.427,-0.747,-0.279,-0.427,0.001,0.001,0.001,0.001,0.001,0.001,0.001,0.001,0.001,0.001,0.001,0.001,0.001,0.001,0.001,0.001,0.001,0.001,0.001,0.001,0.001,0.001,0.001,0.001,0.007,0.001,0.001,0.001,0.001,0.001,0.001,0.001,0.001,0.005,0.001,0.001,0.001,0.001,0.001,0.001,0.001,0.001,0.001,0.001,0.001,0.621,0.198,-0.621,0.436,0.581,0.851,0.759,0.621,1.059,0.554,0.862,0.109,0.128,0.846,0.864,0.723,0.212,0.122,0.545,0.431,0.184,0.002,0.784,0.751,0.404,0.017,0.002,0.261,0.788,0.001,0.001,0.024,0.1,0.045,0.001,0,0.106,0.435,0,0.038,0.001,0.01,0.167,0.001,0,0.001,0.01,0,0,0.055,13.401
08:30.4,3617,-0.485,-0.615,-0.324,-0.531,0.221,0.596,-0.469,-0.613,-0.054,-0.122,0.745,0.654,-0.155,0.041,0.743,0.65,0.46,0.399,-0.549,-0.573,0.427,-0.747,-0.279,-0.427,0.001,0.001,0.001,0.001,0.001,0.001,0.001,0.001,0.001,0.001,0.001,0.001,0.001,0.001,0.001,0.001,0.001,0.001,0.001,0.001,0.001,0.001,0.001,0.001,0.007,0.001,0.001,0.001,0.001,0.001,0.001,0.001,0.001,0.005,0.001,0.001,0.001,0.001,0.001,0.001,0.001,0.001,0.001,0.001,0.001,0.624,0.192,-0.625,0.428,0.507,0.842,0.753,0.615,1.073,0.6,0.872,0.114,0.112,0.834,0.861,0.726,0.223,0.138,0.548,0.443,0.201,0.001,0.779,0.748,0.403,0.016,0.002,0.275,0.797,0.001,0,0.021,0.092,0.045,0.001,0.001,0.11,0.453,0.001,0.042,0.001,0.01,0.165,0,0,0.001,0.007,0.001,0.001,0.055,13.436
08:30.4,3618,-0.482,-0.613,-0.325,-0.535,0.227,0.591,-0.471,-0.614,-0.058,-0.121,0.746,0.652,-0.156,0.039,0.743,0.65,0.46,0.402,-0.546,-0.573,0.427,-0.747,-0.279,-0.427,0.001,0.001,0.001,0.001,0.001,0.001,0.001,0.001,0.001,0.001,0.001,0.001,0.001,0.001,0.001,0.001,0.001,0.001,0.001,0.001,0.001,0.001,0.001,0.001,0.007,0.001,0.001,0.001,0.001,0.001,0.001,0.001,0.001,0.005,0.001,0.001,0.001,0.001,0.001,0.001,0.001,0.001,0.001,0.001,0.001,0.628,0.185,-0.63,0.418,0.438,0.819,0.747,0.603,1.087,0.641,0.882,0.132,0.074,0.827,0.855,0.735,0.236,0.172,0.552,0.447,0.226,0.001,0.773,0.742,0.403,0.018,0.002,0.283,0.811,0.001,0,0.018,0.083,0.044,0.001,0,0.115,0.47,0.001,0.046,0,0.017,0.182,0,0.001,0.001,0.009,0.001,0,0.055,13.496
08:30.4,3619,-0.48,-0.611,-0.325,-0.538,0.235,0.586,-0.474,-0.614,-0.063,-0.12,0.747,0.651,-0.157,0.037,0.743,0.649,0.459,0.405,-0.544,-0.574,0.403,-0.633,-0.395,-0.53,0.001,0.001,0.001,0.001,0.001,0.001,0.001,0.001,0.001,0.001,0.001,0.001,0.001,0.001,0.001,0.001,0.001,0.001,0.001,0.001,0.001,0.001,0.001,0.001,0.007,0.001,0.001,0.001,0.001,0.001,0.001,0.001,0.001,0.006,0.001,0.001,0.001,0.001,0.001,0.001,0.001,0.001,0.001,0.001,0.001,0.631,0.179,-0.633,0.41,0.383,0.811,0.741,0.596,1.114,0.686,0.89,0.143,0.062,0.816,0.852,0.736,0.237,0.188,0.557,0.455,0.227,0.001,0.772,0.739,0.409,0.021,0.004,0.297,0.823,0.001,0,0.012,0.073,0.044,0.001,0.001,0.121,0.485,0,0.049,0.001,0.015,0.192,0,0.004,0.001,0.007,0,0.001,0.056,13.568
08:30.4,3620,-0.479,-0.61,-0.325,-0.542,0.245,0.58,-0.477,-0.613,-0.067,-0.119,0.748,0.649,-0.157,0.035,0.743,0.649,0.458,0.408,-0.542,-0.574,0.405,-0.604,-0.418,-0.543,0,0.001,0.001,0.001,0.001,0.001,0.001,0.001,0.001,0.001,0.001,0.001,0.001,0.001,0.001,0.001,0.001,0.001,0.001,0.001,0.001,0.001,0.001,0.001,0.001,0.001,0.001,0.001,0.001,0.001,0.001,0.001,0.001,0.001,0.001,0.001,0.001,0.001,0.001,0.001,0.001,0.001,0.001,0.001,0.001,0.631,0.179,-0.633,0.41,0.383,0.811,0.741,0.596,1.114,0.686,0.89,0.143,0.062,0.816,0.852,0.736,0.237,0.188,0.557,0.455,0.227,0.001,0.772,0.739,0.409,0.021,0.004,0.297,0.823,0.001,0,0.012,0.073,0.044,0.001,0.001,0.121,0.485,0,0.049,0.001,0.015,0.192,0,0.004,0.001,0.007,0,0.001,0.044,13.568
08:30.5,3621,-0.478,-0.608,-0.325,-0.544,0.258,0.574,-0.48,-0.611,-0.07,-0.117,0.749,0.648,-0.157,0.033,0.743,0.649,0.457,0.411,-0.54,-0.575,0.409,-0.58,-0.436,-0.553,0,0.001,0.001,0.001,0.001,0.001,0.001,0.001,0.001,0.001,0.001,0.001,0.001,0.001,0.001,0.001,0.001,0.001,0.001,0.001,0.001,0.001,0.001,0.001,0.002,0.001,0.001,0.001,0.001,0.001,0.001,0.001,0.001,0.001,0.001,0.001,0.001,0.001,0.001,0.001,0.001,0.001,0.001,0.001,0.001,0.631,0.179,-0.633,0.41,0.383,0.811,0.741,0.596,1.114,0.686,0.89,0.143,0.062,0.816,0.852,0.736,0.237,0.188,0.557,0.455,0.227,0.001,0.772,0.739,0.409,0.021,0.004,0.297,0.823,0.001,0,0.012,0.073,0.044,0.001,0.001,0.121,0.485,0,0.049,0.001,0.015,0.192,0,0.004,0.001,0.007,0,0.001,0.045,13.568
08:30.5,3622,-0.476,-0.607,-0.325,-0.547,0.273,0.568,-0.484,-0.607,-0.074,-0.116,0.75,0.647,-0.158,0.031,0.744,0.649,0.456,0.413,-0.539,-0.575,0.414,-0.555,-0.454,-0.561,0.001,0.001,0.001,0.001,0.001,0.001,0.001,0.001,0.001,0.001,0.001,0.001,0.001,0.001,0.001,0.001,0.001,0.001,0.001,0.001,0.001,0.001,0.001,0.001,0.001,0.001,0.001,0.001,0.001,0.001,0.001,0.001,0.001,0.001,0.001,0.001,0.001,0.001,0.001,0.001,0.001,0.001,0.001,0.001,0.001,0.631,0.179,-0.633,0.41,0.383,0.811,0.741,0.596,1.114,0.686,0.89,0.143,0.062,0.816,0.852,0.736,0.237,0.188,0.557,0.455,0.227,0.001,0.772,0.739,0.409,0.021,0.004,0.297,0.823,0.001,0,0.012,0.073,0.044,0.001,0.001,0.121,0.485,0,0.049,0.001,0.015,0.192,0,0.004,0.001,0.007,0,0.001,0.045,13.568
08:30.5,3623,-0.475,-0.606,-0.324,-0.549,0.289,0.563,-0.487,-0.602,-0.077,-0.115,0.751,0.646,-0.159,0.029,0.744,0.649,0.455,0.415,-0.537,-0.576,0.421,-0.523,-0.474,-0.569,0.001,0.001,0.001,0.001,0.001,0.001,0.001,0.001,0.001,0.001,0.001,0.001,0.001,0.001,0.001,0.001,0.001,0.001,0.001,0.001,0.001,0.001,0.001,0.001,0.001,0.001,0.001,0.001,0.001,0.001,0.001,0.001,0.001,0.001,0.001,0.001,0.001,0.001,0.001,0.001,0.001,0.001,0.001,0.001,0.001,0.631,0.179,-0.633,0.41,0.383,0.811,0.741,0.596,1.114,0.686,0.89,0.143,0.062,0.816,0.852,0.736,0.237,0.188,0.557,0.455,0.227,0.001,0.772,0.739,0.409,0.021,0.004,0.297,0.823,0.001,0,0.012,0.073,0.044,0.001,0.001,0.121,0.485,0,0.049,0.001,0.015,0.192,0,0.004,0.001,0.007,0,0.001,0.045,13.568
08:30.5,3624,-0.474,-0.606,-0.324,-0.551,0.304,0.559,-0.491,-0.595,-0.08,-0.113,0.751,0.645,-0.159,0.027,0.744,0.648,0.454,0.417,-0.535,-0.577,0.427,-0.498,-0.49,-0.574,0.001,0.001,0.001,0.001,0.001,0.001,0.001,0.001,0.001,0.001,0.001,0.001,0.001,0.001,0.001,0.001,0.001,0.001,0.001,0.001,0.001,0.001,0.001,0.001,0.001,0.001,0.001,0.001,0.001,0.001,0.001,0.001,0.001,0.001,0.001,0.001,0.001,0.001,0.001,0.001,0.001,0.001,0.001,0.001,0.001,0.631,0.179,-0.633,0.41,0.383,0.811,0.741,0.596,1.114,0.686,0.89,0.143,0.062,0.816,0.852,0.736,0.237,0.188,0.557,0.455,0.227,0.001,0.772,0.739,0.409,0.021,0.004,0.297,0.823,0.001,0,0.012,0.073,0.044,0.001,0.001,0.121,0.485,0,0.049,0.001,0.015,0.192,0,0.004,0.001,0.007,0,0.001,0.045,13.568
08:30.5,3625,-0.473,-0.605,-0.324,-0.553,0.319,0.555,-0.494,-0.588,-0.082,-0.112,0.751,0.645,-0.16,0.025,0.744,0.648,0.454,0.419,-0.533,-0.578,0.435,-0.464,-0.51,-0.579,0.001,0.001,0.001,0.001,0.001,0.001,0.001,0.001,0.001,0.001,0.001,0.001,0.001,0.001,0.001,0.001,0.001,0.001,0.001,0.001,0,0.001,0.001,0.001,0.001,0.001,0.001,0.001,0.001,0.001,0.001,0.001,0.001,0.001,0.001,0.001,0.001,0.001,0.001,0.001,0.001,0.001,0.001,0.001,0.001,0.631,0.179,-0.633,0.41,0.383,0.811,0.741,0.596,1.114,0.686,0.89,0.143,0.062,0.816,0.852,0.736,0.237,0.188,0.557,0.455,0.227,0.001,0.772,0.739,0.409,0.021,0.004,0.297,0.823,0.001,0,0.012,0.073,0.044,0.001,0.001,0.121,0.485,0,0.049,0.001,0.015,0.192,0,0.004,0.001,0.007,0,0.001,0.044,13.568
08:30.5,3626,-0.472,-0.604,-0.324,-0.554,0.333,0.552,-0.498,-0.58,-0.084,-0.11,0.751,0.645,-0.16,0.023,0.744,0.648,0.453,0.421,-0.531,-0.579,0.44,-0.441,-0.523,-0.582,0.001,0.001,0.001,0.001,0.001,0.001,0.001,0.001,0.001,0.001,0.001,0.001,0.001,0.001,0.001,0.001,0.001,0.001,0.001,0.001,0.001,0.001,0.001,0.001,0.001,0.001,0.001,0.001,0.001,0.001,0.001,0.001,0.001,0.001,0.001,0.001,0.001,0.001,0.001,0.001,0.001,0.001,0.001,0.001,0.001,0.653,0.139,-0.652,0.358,0.364,0.806,0.735,0.591,1.116,0.692,0.885,0.145,0.06,0.812,0.853,0.739,0.249,0.193,0.556,0.458,0.233,0.001,0.772,0.737,0.409,0.02,0.002,0.305,0.823,0.001,0.001,0.012,0.072,0.04,0.001,0.001,0.123,0.487,0.001,0.05,0.001,0.016,0.194,0,0.011,0.001,0.007,0.001,0,0.045,13.576
08:30.5,3627,-0.472,-0.603,-0.325,-0.555,0.346,0.548,-0.502,-0.573,-0.086,-0.109,0.751,0.645,-0.159,0.021,0.744,0.649,0.453,0.422,-0.53,-0.58,0.448,-0.406,-0.54,-0.585,0.001,0.001,0.001,0.001,0.001,0.001,0.001,0.001,0.001,0.001,0.001,0.001,0.001,0.001,0.001,0.001,0.001,0.001,0.001,0.001,0.001,0.001,0.001,0.001,0.001,0.001,0.001,0.001,0.001,0.001,0.001,0.001,0.001,0.001,0.001,0.001,0.001,0.001,0.001,0.001,0.001,0.001,0.001,0.001,0.001,0.653,0.139,-0.652,0.358,0.364,0.806,0.735,0.591,1.116,0.692,0.885,0.145,0.06,0.812,0.853,0.739,0.249,0.193,0.556,0.458,0.233,0.001,0.772,0.737,0.409,0.02,0.002,0.305,0.823,0.001,0.001,0.012,0.072,0.04,0.001,0.001,0.123,0.487,0.001,0.05,0.001,0.016,0.194,0,0.011,0.001,0.007,0.001,0,0.045,13.576
08:30.5,3628,-0.472,-0.602,-0.325,-0.556,0.357,0.543,-0.506,-0.567,-0.087,-0.107,0.751,0.645,-0.159,0.019,0.744,0.649,0.453,0.424,-0.528,-0.58,0.448,-0.406,-0.54,-0.585,0.001,0.001,0.001,0.001,0.001,0.001,0.001,0.001,0.001,0.001,0.001,0.001,0.001,0.001,0.001,0.001,0.001,0.001,0.001,0.001,0.001,0.001,0.001,0.001,0.001,0.001,0.001,0.001,0.001,0.001,0.001,0.001,0.001,0.001,0.001,0.001,0.001,0.001,0.001,0.001,0.001,0.001,0.001,0.001,0.001,0.653,0.139,-0.652,0.358,0.364,0.806,0.735,0.591,1.116,0.692,0.885,0.145,0.06,0.812,0.853,0.739,0.249,0.193,0.556,0.458,0.233,0.001,0.772,0.737,0.409,0.02,0.002,0.305,0.823,0.001,0.001,0.012,0.072,0.04,0.001,0.001,0.123,0.487,0.001,0.05,0.001,0.016,0.194,0,0.011,0.001,0.007,0.001,0,0.045,13.576
08:30.5,3629,-0.472,-0.601,-0.326,-0.556,0.367,0.536,-0.511,-0.563,-0.088,-0.105,0.752,0.645,-0.158,0.018,0.744,0.648,0.453,0.425,-0.527,-0.58,0.448,-0.406,-0.54,-0.585,0.001,0.001,0.001,0.001,0.001,0.001,0.001,0.001,0.001,0.001,0.001,0.001,0.001,0.001,0.001,0.001,0.001,0.001,0.001,0.001,0.001,0.001,0.001,0.001,0.001,0.001,0.001,0.001,0.001,0.001,0.001,0.001,0.001,0.001,0.001,0.001,0.001,0.001,0.001,0.001,0.001,0.001,0.001,0.001,0.001,0.653,0.139,-0.652,0.358,0.364,0.806,0.735,0.591,1.116,0.692,0.885,0.145,0.06,0.812,0.853,0.739,0.249,0.193,0.556,0.458,0.233,0.001,0.772,0.737,0.409,0.02,0.002,0.305,0.823,0.001,0.001,0.012,0.072,0.04,0.001,0.001,0.123,0.487,0.001,0.05,0.001,0.016,0.194,0,0.011,0.001,0.007,0.001,0,0.045,13.576
08:30.5,3630,-0.473,-0.6,-0.327,-0.556,0.376,0.527,-0.517,-0.56,-0.089,-0.103,0.752,0.644,-0.158,0.018,0.745,0.648,0.453,0.426,-0.526,-0.581,0.448,-0.406,-0.54,-0.585,0.001,0.001,0.001,0.001,0.001,0.001,0.001,0.001,0.001,0.001,0.001,0.001,0.001,0.001,0.001,0.001,0.001,0.001,0.001,0.001,0.001,0.001,0.001,0.001,0.001,0.001,0.001,0.001,0.001,0.001,0.001,0.001,0.001,0.001,0.001,0.001,0.001,0.001,0.001,0.001,0.001,0.001,0.001,0.001,0.001,0.653,0.139,-0.652,0.358,0.364,0.806,0.735,0.591,1.116,0.692,0.885,0.145,0.06,0.812,0.853,0.739,0.249,0.193,0.556,0.458,0.233,0.001,0.772,0.737,0.409,0.02,0.002,0.305,0.823,0.001,0.001,0.012,0.072,0.04,0.001,0.001,0.123,0.487,0.001,0.05,0.001,0.016,0.194,0,0.011,0.001,0.007,0.001,0,0.045,13.576
08:30.6,3631,-0.473,-0.599,-0.329,-0.556,0.383,0.517,-0.524,-0.559,-0.09,-0.101,0.753,0.643,-0.157,0.018,0.746,0.647,0.453,0.428,-0.524,-0.58,0.448,-0.406,-0.54,-0.585,0.001,0.001,0.001,0.001,0.001,0.001,0.001,0.001,0.001,0.001,0.001,0.001,0.001,0.001,0.001,0.001,0.001,0.001,0.001,0.001,0.001,0.001,0.001,0.001,0.001,0.001,0.001,0.001,0.001,0.001,0.001,0.001,0.001,0.001,0.001,0.001,0.001,0.001,0.001,0.001,0.001,0.001,0.001,0.001,0.001,0.653,0.139,-0.652,0.358,0.364,0.806,0.735,0.591,1.116,0.692,0.885,0.145,0.06,0.812,0.853,0.739,0.249,0.193,0.556,0.458,0.233,0.001,0.772,0.737,0.409,0.02,0.002,0.305,0.823,0.001,0.001,0.012,0.072,0.04,0.001,0.001,0.123,0.487,0.001,0.05,0.001,0.016,0.194,0,0.011,0.001,0.007,0.001,0,0.045,13.576
08:30.6,3632,-0.474,-0.598,-0.33,-0.556,0.389,0.505,-0.532,-0.557,-0.091,-0.098,0.754,0.642,-0.157,0.019,0.747,0.646,0.453,0.429,-0.523,-0.58,0.448,-0.406,-0.54,-0.585,0.001,0.001,0.001,0.001,0.001,0.001,0.001,0.001,0.001,0.001,0.001,0.001,0.001,0.001,0.001,0.001,0.001,0.001,0.001,0.001,0.001,0.001,0.001,0.001,0.001,0.001,0.001,0.001,0.001,0.001,0.001,0.001,0.001,0.001,0.001,0.001,0.001,0.001,0.001,0.001,0.001,0.001,0.001,0.001,0.001,0.653,0.139,-0.652,0.358,0.364,0.806,0.735,0.591,1.116,0.692,0.885,0.145,0.06,0.812,0.853,0.739,0.249,0.193,0.556,0.458,0.233,0.001,0.772,0.737,0.409,0.02,0.002,0.305,0.823,0.001,0.001,0.012,0.072,0.04,0.001,0.001,0.123,0.487,0.001,0.05,0.001,0.016,0.194,0,0.011,0.001,0.007,0.001,0,0.045,13.576
08:30.6,3633,-0.475,-0.597,-0.331,-0.556,0.395,0.493,-0.541,-0.556,-0.092,-0.096,0.756,0.641,-0.158,0.02,0.748,0.645,0.453,0.43,-0.522,-0.58,0.448,-0.406,-0.54,-0.585,0.001,0.001,0.001,0.001,0.001,0.001,0.001,0.001,0.001,0.001,0.001,0.001,0.001,0.001,0.001,0.001,0.001,0.001,0.001,0.001,0.001,0.001,0.001,0.001,0.001,0.001,0.001,0.001,0.001,0.001,0.001,0.001,0.001,0.001,0.001,0.001,0.001,0.001,0.001,0.001,0.001,0.001,0.001,0.001,0.001,0.675,0.099,-0.658,0.319,0.001,0.64,0.591,0.507,1.179,0.963,0.879,0.195,0,0.665,0.746,0.672,0.374,0.363,0.589,0.503,0.289,0,0.685,0.72,0.422,0.061,0.005,0.436,0.872,0.087,0.053,0.002,0.004,0.044,0.001,0.001,0.232,0.629,0,0.063,0,0.06,0.267,0.001,0.066,0.002,0.013,0,0.001,0.045,13.883
08:30.6,3634,-0.475,-0.596,-0.332,-0.556,0.402,0.48,-0.55,-0.553,-0.094,-0.093,0.757,0.64,-0.159,0.021,0.748,0.644,0.453,0.431,-0.521,-0.58,0.421,-0.298,-0.549,-0.657,0.001,0.001,0.001,0.001,0.001,0.001,0.001,0.001,0.001,0.001,0.001,0.001,0.001,0.001,0.001,0.001,0.001,0.001,0.001,0.001,0.001,0.001,0.001,0.001,0.001,0.001,0.001,0.001,0.001,0.001,0.001,0.001,0.001,0.001,0.001,0.001,0.001,0.001,0.001,0.009,0.001,0.001,0.001,0.001,0.001,0.679,0.093,-0.657,0.314,0,0.217,0.381,0.326,1.062,0.928,0.783,0.214,0,0.366,0.548,0.509,0.425,0.514,0.573,0.526,0.274,0,0.398,0.507,0.261,0.111,0.005,0.535,0.841,0.355,0.061,0.001,0.004,0.028,0.002,0.002,0.352,0.648,0.227,0.095,0.002,0.183,0.413,0.624,0.32,0.012,0.081,0.001,0,0.053,13.715
08:30.6,3635,-0.476,-0.595,-0.334,-0.555,0.41,0.467,-0.56,-0.549,-0.095,-0.091,0.758,0.639,-0.162,0.023,0.749,0.642,0.454,0.432,-0.52,-0.581,0.421,-0.298,-0.549,-0.657,0.001,0.001,0.001,0.001,0.001,0.001,0.001,0.001,0.001,0.001,0.001,0.001,0.001,0.001,0.001,0.001,0.001,0.001,0.001,0.001,0.001,0.001,0.001,0.001,0.001,0.001,0.001,0.001,0.001,0.001,0.001,0.001,0.001,0.001,0.001,0.001,0.001,0.001,0.001,0.009,0.001,0.001,0.001,0.001,0.001,0.684,0.086,-0.656,0.307,0,0.155,0.33,0.3,1.016,0.901,0.766,0.21,0,0.293,0.512,0.487,0.407,0.53,0.573,0.518,0.248,0,0.344,0.448,0.227,0.092,0.005,0.538,0.827,0.368,0.063,0.001,0.002,0.023,0.002,0.002,0.364,0.648,0.284,0.126,0.001,0.205,0.438,0.744,0.344,0.015,0.109,0.001,0,0.053,13.467
08:30.6,3636,-0.476,-0.594,-0.335,-0.555,0.419,0.453,-0.57,-0.543,-0.096,-0.089,0.758,0.638,-0.164,0.024,0.749,0.641,0.454,0.433,-0.518,-0.581,0.421,-0.298,-0.549,-0.657,0.001,0.001,0.001,0.001,0.001,0.001,0.001,0.001,0.001,0.001,0.001,0.001,0.001,0.001,0.001,0.001,0.001,0.001,0.001,0.001,0.001,0.001,0.001,0.001,0.001,0.001,0.001,0.001,0.001,0.001,0.001,0.001,0.001,0.001,0.001,0.001,0.001,0.001,0.001,0.009,0.001,0.001,0.001,0.001,0.001,0.688,0.081,-0.655,0.303,0,0.122,0.236,0.221,0.983,0.867,0.737,0.206,0.001,0.227,0.459,0.462,0.377,0.526,0.563,0.508,0.233,0,0.244,0.382,0.188,0.062,0.005,0.542,0.812,0.372,0.062,0.001,0.002,0.022,0.002,0.002,0.392,0.651,0.343,0.153,0.002,0.233,0.468,0.822,0.415,0.021,0.126,0.005,0.001,0.053,13.058
08:30.6,3637,-0.477,-0.593,-0.337,-0.555,0.428,0.44,-0.579,-0.537,-0.097,-0.086,0.759,0.638,-0.166,0.025,0.749,0.641,0.455,0.433,-0.516,-0.582,0.421,-0.298,-0.549,-0.657,0.001,0.001,0.001,0.001,0.001,0.001,0.001,0.001,0.001,0.001,0.001,0.001,0.001,0.001,0.001,0.001,0.001,0.001,0.001,0.001,0.001,0.001,0.001,0.001,0.001,0.001,0.001,0.001,0.001,0.001,0.001,0.001,0.001,0.001,0.001,0.001,0.001,0.001,0.001,0.009,0.001,0.001,0.001,0.001,0.001,0.688,0.081,-0.655,0.303,0,0.122,0.236,0.221,0.983,0.867,0.737,0.206,0.001,0.227,0.459,0.462,0.377,0.526,0.563,0.508,0.233,0,0.244,0.382,0.188,0.062,0.005,0.542,0.812,0.372,0.062,0.001,0.002,0.022,0.002,0.002,0.392,0.651,0.343,0.153,0.002,0.233,0.468,0.822,0.415,0.021,0.126,0.005,0.001,0.053,13.058
08:30.6,3638,-0.478,-0.591,-0.338,-0.554,0.437,0.427,-0.588,-0.531,-0.099,-0.084,0.76,0.637,-0.167,0.027,0.749,0.64,0.456,0.433,-0.515,-0.583,0.421,-0.298,-0.549,-0.657,0.001,0.001,0.001,0.001,0.001,0.001,0.001,0.001,0.001,0.001,0.001,0.001,0.001,0.001,0.001,0.001,0.001,0.001,0.001,0.001,0.001,0.001,0.001,0.001,0.001,0.001,0.001,0.001,0.001,0.001,0.001,0.001,0.001,0.001,0.001,0.001,0.001,0.001,0.001,0.009,0.001,0.001,0.001,0.001,0.001,0.688,0.081,-0.655,0.303,0,0.122,0.236,0.221,0.983,0.867,0.737,0.206,0.001,0.227,0.459,0.462,0.377,0.526,0.563,0.508,0.233,0,0.244,0.382,0.188,0.062,0.005,0.542,0.812,0.372,0.062,0.001,0.002,0.022,0.002,0.002,0.392,0.651,0.343,0.153,0.002,0.233,0.468,0.822,0.415,0.021,0.126,0.005,0.001,0.053,13.058
08:30.6,3639,-0.479,-0.59,-0.339,-0.553,0.445,0.414,-0.596,-0.525,-0.1,-0.082,0.76,0.636,-0.167,0.029,0.749,0.64,0.457,0.433,-0.512,-0.584,0.421,-0.298,-0.549,-0.657,0.001,0.001,0.001,0.001,0.001,0.001,0.001,0.001,0.001,0.001,0.001,0.001,0.001,0.001,0.001,0.001,0.001,0.001,0.001,0.001,0.001,0.001,0.001,0.001,0.001,0.001,0.001,0.001,0.001,0.001,0.001,0.001,0.001,0.001,0.001,0.001,0.001,0.001,0.001,0.009,0.001,0.001,0.001,0.001,0.001,0.688,0.081,-0.655,0.303,0,0.122,0.236,0.221,0.983,0.867,0.737,0.206,0.001,0.227,0.459,0.462,0.377,0.526,0.563,0.508,0.233,0,0.244,0.382,0.188,0.062,0.005,0.542,0.812,0.372,0.062,0.001,0.002,0.022,0.002,0.002,0.392,0.651,0.343,0.153,0.002,0.233,0.468,0.822,0.415,0.021,0.126,0.005,0.001,0.053,13.058
08:30.6,3640,-0.48,-0.59,-0.34,-0.553,0.453,0.401,-0.603,-0.52,-0.101,-0.08,0.761,0.636,-0.169,0.031,0.749,0.64,0.458,0.433,-0.51,-0.585,0.421,-0.298,-0.549,-0.657,0.001,0.001,0.001,0.001,0.001,0.001,0.001,0.001,0.001,0.001,0.001,0.001,0.001,0.001,0.001,0.001,0.001,0.001,0.001,0.001,0.001,0.001,0.001,0.001,0.001,0.001,0.001,0.001,0.001,0.001,0.001,0.001,0.001,0.001,0.001,0.001,0.001,0.001,0.001,0.009,0.001,0.001,0.001,0.001,0.001,0.688,0.081,-0.655,0.303,0,0.122,0.236,0.221,0.983,0.867,0.737,0.206,0.001,0.227,0.459,0.462,0.377,0.526,0.563,0.508,0.233,0,0.244,0.382,0.188,0.062,0.005,0.542,0.812,0.372,0.062,0.001,0.002,0.022,0.002,0.002,0.392,0.651,0.343,0.153,0.002,0.233,0.468,0.822,0.415,0.021,0.126,0.005,0.001,0.053,13.058
08:30.7,3641,-0.481,-0.59,-0.341,-0.552,0.459,0.39,-0.609,-0.515,-0.102,-0.077,0.762,0.635,-0.171,0.033,0.749,0.639,0.46,0.432,-0.508,-0.586,0.421,-0.298,-0.549,-0.657,0.001,0.001,0.001,0.001,0.001,0.001,0.001,0.001,0.001,0.001,0.001,0.001,0.001,0.001,0.001,0.001,0.001,0.001,0.001,0.001,0.001,0.001,0.001,0.001,0.001,0.001,0.001,0.001,0.001,0.001,0.001,0.001,0.001,0.001,0.001,0.001,0.001,0.001,0.001,0.009,0.001,0.001,0.001,0.001,0.001,0.688,0.081,-0.655,0.303,0,0.122,0.236,0.221,0.983,0.867,0.737,0.206,0.001,0.227,0.459,0.462,0.377,0.526,0.563,0.508,0.233,0,0.244,0.382,0.188,0.062,0.005,0.542,0.812,0.372,0.062,0.001,0.002,0.022,0.002,0.002,0.392,0.651,0.343,0.153,0.002,0.233,0.468,0.822,0.415,0.021,0.126,0.005,0.001,0.053,13.058
08:30.7,3642,-0.481,-0.59,-0.342,-0.551,0.464,0.379,-0.616,-0.512,-0.103,-0.074,0.762,0.635,-0.174,0.036,0.749,0.639,0.462,0.431,-0.505,-0.588,0.424,-0.222,-0.563,-0.674,0.001,0.001,0.001,0.001,0.001,0.001,0.001,0.001,0.001,0.001,0.001,0.001,0.001,0.001,0.001,0.001,0.001,0.001,0.001,0.001,0.001,0.001,0.001,0,0.001,0.001,0.001,0.001,0.001,0.001,0.001,0.001,0.001,0.001,0.001,0.01,0.001,0.001,0.001,0.143,0.001,0.001,0.001,0.001,0.001,0.688,0.081,-0.655,0.303,0,0.122,0.236,0.221,0.983,0.867,0.737,0.206,0.001,0.227,0.459,0.462,0.377,0.526,0.563,0.508,0.233,0,0.244,0.382,0.188,0.062,0.005,0.542,0.812,0.372,0.062,0.001,0.002,0.022,0.002,0.002,0.392,0.651,0.343,0.153,0.002,0.233,0.468,0.822,0.415,0.021,0.126,0.005,0.001,0.195,13.058
08:30.7,3643,-0.479,-0.592,-0.342,-0.55,0.469,0.369,-0.621,-0.508,-0.105,-0.072,0.763,0.634,-0.177,0.037,0.748,0.638,0.463,0.43,-0.502,-0.59,0.428,-0.214,-0.568,-0.67,0.001,0.001,0.001,0.001,0.001,0.001,0.001,0.001,0.001,0.001,0.001,0.001,0.001,0.001,0.001,0.001,0.001,0.001,0.001,0.001,0.001,0.001,0.001,0.001,0.007,0,0.001,0.001,0.001,0.001,0.001,0.001,0.001,0.001,0.001,0.024,0.001,0.001,0.001,0.313,0.001,0.001,0.001,0.053,0.001,0.716,0.051,-0.64,0.275,0,0.071,0.165,0.178,0.922,0.824,0.716,0.203,0,0.159,0.438,0.405,0.35,0.516,0.559,0.502,0.217,0,0.17,0.322,0.159,0.044,0.004,0.542,0.802,0.387,0.051,0,0.002,0.011,0.002,0.002,0.413,0.65,0.379,0.182,0.002,0.254,0.491,0.885,0.462,0.026,0.144,0.011,0,0.437,12.622
08:30.7,3644,-0.478,-0.594,-0.343,-0.549,0.475,0.36,-0.625,-0.504,-0.107,-0.069,0.763,0.634,-0.181,0.039,0.747,0.638,0.466,0.429,-0.499,-0.591,0.434,-0.203,-0.579,-0.66,0.001,0.001,0.001,0.001,0.001,0.001,0.001,0.001,0.001,0.001,0.001,0.001,0.001,0.001,0.001,0.001,0.001,0.001,0.001,0.001,0.001,0.001,0.001,0.001,0.011,0.001,0.001,0.001,0.001,0.001,0.001,0.001,0.001,0.001,0.001,0.032,0.001,0.001,0.001,0.328,0.001,0.001,0.001,0.054,0.001,0.717,0.052,-0.638,0.276,0,0.001,0,0,0.408,0.515,0.576,0.19,0,0,0.001,0.007,0.017,0.234,0.512,0.476,0.15,0,0.001,0,0,0.001,0.001,0.568,0.753,0.394,0.107,0,0.001,0.001,0.001,0.001,0.465,0.639,0.576,0.442,0.001,0.374,0.595,1.128,0.817,0.071,0.221,0.093,0.001,0.466,10.339
08:30.7,3645,-0.475,-0.596,-0.343,-0.548,0.481,0.352,-0.628,-0.5,-0.109,-0.067,0.763,0.634,-0.184,0.04,0.746,0.638,0.468,0.428,-0.497,-0.593,0.434,-0.203,-0.579,-0.66,0.001,0.001,0.001,0.001,0.001,0.001,0.001,0.001,0.001,0.001,0.001,0.001,0.001,0.001,0.001,0.001,0.001,0.001,0.001,0.001,0.001,0.001,0.001,0.001,0.011,0.001,0.001,0.001,0.001,0.001,0.001,0.001,0.001,0.001,0.001,0.032,0.001,0.001,0.001,0.328,0.001,0.001,0.001,0.054,0.001,0.717,0.053,-0.637,0.278,0,0.001,0,0.001,0.27,0.463,0.576,0.188,0,0,0,0.001,0.01,0.151,0.515,0.479,0.149,0,0.001,0.001,0.001,0,0.001,0.551,0.751,0.397,0.137,0,0,0.001,0.001,0.001,0.457,0.636,0.611,0.536,0.001,0.379,0.602,1.118,0.803,0.073,0.23,0.117,0.002,0.466,10.212
08:30.7,3646,-0.473,-0.599,-0.344,-0.547,0.487,0.345,-0.63,-0.496,-0.111,-0.065,0.763,0.634,-0.186,0.041,0.746,0.639,0.47,0.427,-0.494,-0.594,0.446,-0.187,-0.604,-0.634,0.001,0.001,0.001,0.001,0.001,0.001,0.001,0.001,0.001,0.001,0.001,0.001,0.001,0.001,0.001,0.001,0.001,0.001,0,0.001,0.001,0.001,0.001,0.001,0.004,0.001,0.001,0.001,0.001,0.001,0.001,0.001,0.001,0.001,0.001,0.027,0.001,0.001,0.001,0.346,0.001,0.001,0.001,0.055,0.001,0.716,0.054,-0.636,0.282,0,0,0.001,0,0.178,0.332,0.582,0.189,0,0,0.001,0.001,0.001,0.072,0.524,0.471,0.153,0,0.001,0,0,0.001,0,0.546,0.748,0.389,0.155,0,0.001,0,0,0,0.44,0.632,0.636,0.587,0,0.377,0.611,1.123,0.924,0.073,0.237,0.132,0.002,0.472,10.12
08:30.7,3647,-0.47,-0.602,-0.344,-0.546,0.493,0.341,-0.631,-0.492,-0.113,-0.064,0.762,0.634,-0.188,0.041,0.744,0.639,0.473,0.426,-0.491,-0.595,0.446,-0.187,-0.604,-0.634,0.001,0.001,0.001,0.001,0.001,0.001,0.001,0.001,0.001,0.001,0.001,0.001,0.001,0.001,0.001,0.001,0.001,0.001,0,0.001,0.001,0.001,0.001,0.001,0.004,0.001,0.001,0.001,0.001,0.001,0.001,0.001,0.001,0.001,0.001,0.027,0.001,0.001,0.001,0.346,0.001,0.001,0.001,0.055,0.001,0.716,0.054,-0.636,0.282,0,0,0.001,0,0.178,0.332,0.582,0.189,0,0,0.001,0.001,0.001,0.072,0.524,0.471,0.153,0,0.001,0,0,0.001,0,0.546,0.748,0.389,0.155,0,0.001,0,0,0,0.44,0.632,0.636,0.587,0,0.377,0.611,1.123,0.924,0.073,0.237,0.132,0.002,0.472,10.12
08:30.7,3648,-0.468,-0.604,-0.344,-0.546,0.497,0.34,-0.631,-0.49,-0.115,-0.064,0.762,0.635,-0.19,0.042,0.743,0.64,0.475,0.425,-0.489,-0.595,0.459,-0.178,-0.626,-0.605,0.001,0.001,0.001,0.001,0.001,0.001,0.001,0.001,0.001,0.001,0.001,0.001,0.001,0.001,0.001,0.001,0.001,0.001,0.001,0.001,0.001,0.001,0.001,0.001,0.009,0.001,0.001,0.001,0.001,0.001,0.001,0.001,0.001,0.001,0.001,0.031,0.001,0.001,0.001,0.369,0.001,0.001,0.001,0.056,0.001,0.716,0.054,-0.636,0.282,0,0,0.001,0,0.178,0.332,0.582,0.189,0,0,0.001,0.001,0.001,0.072,0.524,0.471,0.153,0,0.001,0,0,0.001,0,0.546,0.748,0.389,0.155,0,0.001,0,0,0,0.44,0.632,0.636,0.587,0,0.377,0.611,1.123,0.924,0.073,0.237,0.132,0.002,0.506,10.12
08:30.7,3649,-0.466,-0.606,-0.343,-0.545,0.499,0.341,-0.629,-0.488,-0.117,-0.064,0.761,0.635,-0.191,0.044,0.742,0.642,0.478,0.424,-0.487,-0.595,0.469,-0.175,-0.637,-0.586,0.001,0.001,0.001,0.001,0.001,0.001,0.001,0.001,0.001,0.001,0.017,0.001,0.001,0.001,0.001,0.001,0.001,0.001,0.001,0.001,0.001,0.001,0.001,0.001,0.013,0.001,0.001,0.001,0.001,0.001,0.001,0.001,0.001,0.001,0.001,0.027,0.001,0.001,0.001,0.368,0.001,0.001,0.001,0.057,0.001,0.716,0.054,-0.636,0.282,0,0,0.001,0,0.178,0.332,0.582,0.189,0,0,0.001,0.001,0.001,0.072,0.524,0.471,0.153,0,0.001,0,0,0.001,0,0.546,0.748,0.389,0.155,0,0.001,0,0,0,0.44,0.632,0.636,0.587,0,0.377,0.611,1.123,0.924,0.073,0.237,0.132,0.002,0.522,10.12
08:30.7,3650,-0.464,-0.608,-0.342,-0.546,0.5,0.344,-0.628,-0.487,-0.118,-0.065,0.76,0.635,-0.192,0.046,0.74,0.643,0.48,0.423,-0.486,-0.595,0.479,-0.175,-0.649,-0.565,0.001,0.001,0.001,0.001,0.001,0.001,0.001,0.001,0.001,0.001,0.062,0.001,0.001,0.001,0,0.001,0.001,0.001,0.001,0.001,0.001,0.001,0.001,0.001,0.013,0.001,0.001,0.001,0.001,0.001,0.001,0.001,0.001,0.001,0.001,0.026,0.001,0.001,0.001,0.354,0.001,0.001,0.001,0.056,0.001,0.716,0.054,-0.636,0.282,0,0,0.001,0,0.178,0.332,0.582,0.189,0,0,0.001,0.001,0.001,0.072,0.524,0.471,0.153,0,0.001,0,0,0.001,0,0.546,0.748,0.389,0.155,0,0.001,0,0,0,0.44,0.632,0.636,0.587,0,0.377,0.611,1.123,0.924,0.073,0.237,0.132,0.002,0.55,10.12
08:30.8,3651,-0.46,-0.61,-0.339,-0.548,0.499,0.349,-0.625,-0.487,-0.119,-0.067,0.76,0.636,-0.195,0.049,0.739,0.643,0.483,0.422,-0.484,-0.595,0.492,-0.18,-0.664,-0.533,0.001,0.001,0.001,0.001,0.001,0.001,0.001,0.001,0.001,0.044,0.116,0.001,0.001,0.001,0.001,0.001,0.001,0.001,0.001,0.001,0.001,0.001,0.001,0.001,0.016,0.001,0.001,0.001,0.001,0.001,0.001,0.001,0.001,0.001,0.001,0.027,0.001,0.001,0.001,0.311,0.001,0.001,0.001,0.053,0.001,0.716,0.054,-0.636,0.282,0,0,0.001,0,0.178,0.332,0.582,0.189,0,0,0.001,0.001,0.001,0.072,0.524,0.471,0.153,0,0.001,0,0,0.001,0,0.546,0.748,0.389,0.155,0,0.001,0,0,0,0.44,0.632,0.636,0.587,0,0.377,0.611,1.123,0.924,0.073,0.237,0.132,0.002,0.606,10.12
08:30.8,3652,-0.456,-0.612,-0.337,-0.551,0.498,0.357,-0.622,-0.488,-0.119,-0.068,0.759,0.636,-0.199,0.052,0.737,0.644,0.485,0.422,-0.482,-0.595,0.492,-0.18,-0.664,-0.533,0.001,0.001,0.001,0.001,0.001,0.001,0.001,0.001,0.001,0.044,0.116,0.001,0.001,0.001,0.001,0.001,0.001,0.001,0.001,0.001,0.001,0.001,0.001,0.001,0.016,0.001,0.001,0.001,0.001,0.001,0.001,0.001,0.001,0.001,0.001,0.027,0.001,0.001,0.001,0.311,0.001,0.001,0.001,0.053,0.001,0.716,0.054,-0.636,0.282,0,0,0.001,0,0.178,0.332,0.582,0.189,0,0,0.001,0.001,0.001,0.072,0.524,0.471,0.153,0,0.001,0,0,0.001,0,0.546,0.748,0.389,0.155,0,0.001,0,0,0,0.44,0.632,0.636,0.587,0,0.377,0.611,1.123,0.924,0.073,0.237,0.132,0.002,0.606,10.12
08:30.8,3653,-0.451,-0.614,-0.335,-0.555,0.496,0.367,-0.617,-0.488,-0.118,-0.07,0.759,0.637,-0.203,0.055,0.735,0.645,0.488,0.421,-0.48,-0.595,0.492,-0.18,-0.664,-0.533,0.001,0.001,0.001,0.001,0.001,0.001,0.001,0.001,0.001,0.044,0.116,0.001,0.001,0.001,0.001,0.001,0.001,0.001,0.001,0.001,0.001,0.001,0.001,0.001,0.016,0.001,0.001,0.001,0.001,0.001,0.001,0.001,0.001,0.001,0.001,0.027,0.001,0.001,0.001,0.311,0.001,0.001,0.001,0.053,0.001,0.694,0.05,-0.649,0.307,0,0,0.001,0,0.161,0.3,0.584,0.192,0,0,0.001,0,0.001,0.045,0.526,0.471,0.153,0,0.001,0,0,0,0.001,0.546,0.747,0.382,0.166,0,0,0,0,0,0.436,0.631,0.641,0.606,0.001,0.372,0.612,1.129,0.943,0.074,0.238,0.139,0.002,0.606,10.102
08:30.8,3654,-0.445,-0.615,-0.333,-0.559,0.493,0.378,-0.612,-0.49,-0.117,-0.072,0.758,0.638,-0.207,0.058,0.733,0.646,0.491,0.421,-0.478,-0.595,0.492,-0.18,-0.664,-0.533,0.001,0.001,0.001,0.001,0.001,0.001,0.001,0.001,0.001,0.044,0.116,0.001,0.001,0.001,0.001,0.001,0.001,0.001,0.001,0.001,0.001,0.001,0.001,0.001,0.016,0.001,0.001,0.001,0.001,0.001,0.001,0.001,0.001,0.001,0.001,0.027,0.001,0.001,0.001,0.311,0.001,0.001,0.001,0.053,0.001,0.689,0.049,-0.653,0.31,0.001,0,0.001,0,0,0,0.62,0.181,0,0,0.001,0.001,0,0,0.452,0.457,0.148,0,0,0.001,0,0.001,0,0.35,0.716,0.354,0.276,0.001,0.001,0.001,0.001,0,0.238,0.6,0.731,0.813,0,0.298,0.658,1.154,1.16,0.067,0.278,0.199,0.143,0.606,9.903
08:30.8,3655,-0.44,-0.617,-0.332,-0.562,0.489,0.391,-0.606,-0.491,-0.115,-0.074,0.757,0.638,-0.211,0.061,0.731,0.646,0.494,0.42,-0.475,-0.595,0.492,-0.18,-0.664,-0.533,0.001,0.001,0.001,0.001,0.001,0.001,0.001,0.001,0.001,0.044,0.116,0.001,0.001,0.001,0.001,0.001,0.001,0.001,0.001,0.001,0.001,0.001,0.001,0.001,0.016,0.001,0.001,0.001,0.001,0.001,0.001,0.001,0.001,0.001,0.001,0.027,0.001,0.001,0.001,0.311,0.001,0.001,0.001,0.053,0.001,0.684,0.047,-0.657,0.312,0,0,0,0.001,0,0,0.603,0.168,0.001,0.001,0.001,0.001,0,0,0.392,0.458,0.149,0.001,0,0,0,0.001,0.001,0.297,0.716,0.333,0.284,0,0.001,0.001,0,0,0.223,0.603,0.744,0.799,0.001,0.294,0.658,1.159,1.164,0.071,0.276,0.199,0.15,0.606,9.751
08:30.8,3656,-0.434,-0.619,-0.332,-0.564,0.484,0.401,-0.601,-0.494,-0.113,-0.076,0.757,0.639,-0.215,0.065,0.728,0.647,0.497,0.42,-0.472,-0.595,0.492,-0.18,-0.664,-0.533,0.001,0.001,0.001,0.001,0.001,0.001,0.001,0.001,0.001,0.044,0.116,0.001,0.001,0.001,0.001,0.001,0.001,0.001,0.001,0.001,0.001,0.001,0.001,0.001,0.016,0.001,0.001,0.001,0.001,0.001,0.001,0.001,0.001,0.001,0.001,0.027,0.001,0.001,0.001,0.311,0.001,0.001,0.001,0.053,0.001,0.684,0.047,-0.657,0.312,0,0,0,0.001,0,0,0.603,0.168,0.001,0.001,0.001,0.001,0,0,0.392,0.458,0.149,0.001,0,0,0,0.001,0.001,0.297,0.716,0.333,0.284,0,0.001,0.001,0,0,0.223,0.603,0.744,0.799,0.001,0.294,0.658,1.159,1.164,0.071,0.276,0.199,0.15,0.606,9.751
08:30.8,3657,-0.428,-0.621,-0.334,-0.566,0.48,0.405,-0.598,-0.498,-0.111,-0.078,0.757,0.639,-0.22,0.068,0.726,0.648,0.499,0.421,-0.469,-0.595,0.492,-0.18,-0.664,-0.533,0.001,0.001,0.001,0.001,0.001,0.001,0.001,0.001,0.001,0.044,0.116,0.001,0.001,0.001,0.001,0.001,0.001,0.001,0.001,0.001,0.001,0.001,0.001,0.001,0.016,0.001,0.001,0.001,0.001,0.001,0.001,0.001,0.001,0.001,0.001,0.027,0.001,0.001,0.001,0.311,0.001,0.001,0.001,0.053,0.001,0.684,0.047,-0.657,0.312,0,0,0,0.001,0,0,0.603,0.168,0.001,0.001,0.001,0.001,0,0,0.392,0.458,0.149,0.001,0,0,0,0.001,0.001,0.297,0.716,0.333,0.284,0,0.001,0.001,0,0,0.223,0.603,0.744,0.799,0.001,0.294,0.658,1.159,1.164,0.071,0.276,0.199,0.15,0.606,9.751
08:30.8,3658,-0.423,-0.622,-0.34,-0.565,0.48,0.404,-0.597,-0.501,-0.11,-0.081,0.757,0.639,-0.227,0.071,0.723,0.648,0.502,0.421,-0.466,-0.595,0.53,-0.295,-0.691,-0.393,0.001,0.044,0.001,0.001,0.001,0.001,0.001,0.001,0.001,0.14,0.151,0.001,0.001,0.001,0.001,0.001,0.001,0.001,0.001,0.001,0.001,0.001,0.001,0.001,0.015,0.001,0.001,0.001,0.001,0.001,0.001,0.001,0.001,0.001,0.001,0.017,0.001,0.001,0.001,0.255,0.001,0.001,0.001,0.05,0.001,0.684,0.047,-0.657,0.312,0,0,0,0.001,0,0,0.603,0.168,0.001,0.001,0.001,0.001,0,0,0.392,0.458,0.149,0.001,0,0,0,0.001,0.001,0.297,0.716,0.333,0.284,0,0.001,0.001,0,0,0.223,0.603,0.744,0.799,0.001,0.294,0.658,1.159,1.164,0.071,0.276,0.199,0.15,0.71,9.751
08:30.8,3659,-0.422,-0.621,-0.347,-0.562,0.482,0.405,-0.594,-0.501,-0.107,-0.084,0.756,0.64,-0.235,0.072,0.72,0.649,0.504,0.423,-0.463,-0.594,0.535,-0.312,-0.687,-0.38,1.177,1.045,0.864,0.001,0.027,0.001,0.001,0.001,0.071,1.004,0.868,0.018,0.001,0.001,0.002,0.001,0.001,0.002,0.465,0.276,0.001,0.001,0.001,0.001,0.042,0.001,0.001,0.001,0.001,0.001,0.001,0.001,0.001,0.001,0.001,0.001,0.001,0.001,0.001,0.001,0.001,0.001,0.001,0.001,0.001,0.684,0.047,-0.657,0.312,0,0,0,0.001,0,0,0.603,0.168,0.001,0.001,0.001,0.001,0,0,0.392,0.458,0.149,0.001,0,0,0,0.001,0.001,0.297,0.716,0.333,0.284,0,0.001,0.001,0,0,0.223,0.603,0.744,0.799,0.001,0.294,0.658,1.159,1.164,0.071,0.276,0.199,0.15,5.893,9.751
08:30.8,3660,-0.423,-0.62,-0.352,-0.558,0.485,0.411,-0.589,-0.499,-0.104,-0.089,0.756,0.641,-0.243,0.072,0.717,0.649,0.505,0.426,-0.461,-0.593,0.542,-0.329,-0.682,-0.363,1.16,1.042,0.929,0.001,0.033,0.001,0.001,0.001,0.055,1.024,0.884,0.057,0.001,0.001,0.018,0.001,0.001,0.002,0.476,0.369,0.001,0.001,0.001,0.001,0.038,0.001,0,0.001,0.001,0.001,0.001,0.001,0.001,0.001,0.001,0.001,0.001,0.001,0.001,0.001,0.001,0.001,0.001,0.001,0.001,0.684,0.047,-0.657,0.312,0,0,0,0.001,0,0,0.603,0.168,0.001,0.001,0.001,0.001,0,0,0.392,0.458,0.149,0.001,0,0,0,0.001,0.001,0.297,0.716,0.333,0.284,0,0.001,0.001,0,0,0.223,0.603,0.744,0.799,0.001,0.294,0.658,1.159,1.164,0.071,0.276,0.199,0.15,6.118,9.751
08:30.9,3661,-0.428,-0.619,-0.355,-0.555,0.486,0.42,-0.583,-0.497,-0.099,-0.094,0.754,0.643,-0.252,0.071,0.713,0.65,0.505,0.429,-0.46,-0.591,0.544,-0.342,-0.679,-0.355,1.112,1.057,0.944,0.026,0.032,0.001,0.001,0.001,0.033,1.02,0.905,0.133,0.001,0.001,0.035,0.001,0.001,0.002,0.481,0.457,0.001,0.001,0.001,0.001,0.054,0.001,0.001,0.001,0.002,0.001,0.001,0.001,0.001,0.001,0.001,0.001,0.001,0.001,0.001,0.001,0.001,0.001,0.001,0.001,0.001,0.684,0.047,-0.657,0.312,0,0,0,0.001,0,0,0.603,0.168,0.001,0.001,0.001,0.001,0,0,0.392,0.458,0.149,0.001,0,0,0,0.001,0.001,0.297,0.716,0.333,0.284,0,0.001,0.001,0,0,0.223,0.603,0.744,0.799,0.001,0.294,0.658,1.159,1.164,0.071,0.276,0.199,0.15,6.323,9.751
08:30.9,3662,-0.433,-0.618,-0.356,-0.551,0.487,0.431,-0.575,-0.496,-0.094,-0.101,0.751,0.645,-0.261,0.069,0.709,0.651,0.505,0.431,-0.46,-0.589,0.547,-0.358,-0.672,-0.349,1.038,1.078,0.966,0.134,0.056,0.001,0.001,0.001,0.006,1.017,0.923,0.23,0.001,0.001,0.053,0.001,0.001,0.002,0.466,0.513,0.001,0.001,0.001,0.001,0.063,0.001,0.001,0.001,0.004,0.001,0.001,0.001,0.001,0.001,0.001,0.001,0.001,0.001,0.001,0.001,0.001,0.001,0.001,0.001,0.001,0.654,-0.01,-0.68,0.33,0,0.001,0,0.001,0.001,0.001,0.598,0.164,0,0,0,0,0,0,0.382,0.458,0.149,0,0,0,0.001,0.001,0.001,0.27,0.716,0.331,0.302,0.001,0.001,0.001,0.001,0.001,0.208,0.607,0.745,0.827,0.001,0.303,0.661,1.16,1.17,0.072,0.275,0.201,0.149,6.579,9.761
08:30.9,3663,-0.438,-0.617,-0.357,-0.548,0.487,0.443,-0.567,-0.496,-0.09,-0.11,0.747,0.649,-0.269,0.065,0.706,0.652,0.505,0.434,-0.46,-0.587,0.548,-0.374,-0.661,-0.35,0.96,1.112,0.988,0.322,0.126,0.001,0.002,0.001,0.004,1.011,0.941,0.306,0.001,0.001,0.266,0.001,0.001,0.001,0.437,0.524,0.005,0.001,0.001,0.201,0.1,0.001,0.001,0.001,0.007,0.001,0.001,0.001,0.005,0.001,0.001,0.001,0.001,0.001,0.001,0.001,0.001,0.001,0.001,0.001,0.001,0.657,-0.037,-0.678,0.329,0,0.001,0,0.035,0,0.001,0.087,0.013,0.001,0,0,0.001,0,0.001,0.182,0.23,0.114,0,0.001,0.001,0.001,0,0,0.127,0.309,0.099,0.25,0,0.001,0,0,0,0.337,0.427,0.851,0.869,0,0.418,0.587,1.167,1.066,0.144,0.149,0.024,0.031,7.344,7.525
08:30.9,3664,-0.439,-0.616,-0.36,-0.546,0.487,0.455,-0.557,-0.496,-0.085,-0.121,0.742,0.654,-0.274,0.061,0.703,0.653,0.505,0.437,-0.461,-0.584,0.554,-0.384,-0.653,-0.344,0.877,1.127,1.004,0.493,0.238,0.001,0.007,0.002,0.004,1.012,0.946,0.377,0.018,0.001,0.421,0.042,0.001,0.001,0.422,0.547,0.057,0.001,0.001,0.415,0.521,0.001,0.001,0.001,0.007,0.001,0.001,0.001,0.167,0.021,0.001,0.001,0.001,0.072,0.02,0.001,0.001,0.001,0.001,0.001,0.001,0.657,-0.085,-0.674,0.328,0,0.001,0.001,0.043,0.001,0,0.054,0.009,0,0,0,0.001,0.001,0.005,0.176,0.179,0.131,0.001,0.001,0,0,0.001,0.001,0.12,0.27,0.039,0.21,0.001,0.001,0.001,0,0,0.297,0.385,0.773,0.84,0,0.38,0.457,1.054,1.127,0.142,0.048,0.011,0.032,8.838,6.794
08:30.9,3665,-0.437,-0.614,-0.366,-0.546,0.483,0.469,-0.548,-0.495,-0.08,-0.132,0.735,0.66,-0.277,0.058,0.702,0.653,0.505,0.44,-0.463,-0.581,0.561,-0.384,-0.652,-0.335,0.818,1.139,1.018,0.648,0.303,0.001,0.021,0.002,0.004,1.011,0.957,0.383,0.05,0.001,0.469,0.087,0.001,0.002,0.419,0.545,0.092,0.001,0.002,0.473,0.747,0.001,0.001,0.002,0.007,0.001,0.001,0.001,0.225,0.112,0.001,0.001,0.001,0.079,0.068,0.001,0.001,0.001,0.001,0.001,0.001,0.656,-0.123,-0.668,0.329,0,0.001,0.001,0.084,0,0,0.037,0,0,0,0.001,0.001,0.001,0.001,0.161,0.133,0.136,0,0.001,0.001,0,0.001,0,0.089,0.234,0.001,0.198,0.001,0.001,0.001,0,0,0.237,0.365,0.59,0.853,0.001,0.316,0.398,0.836,1.079,0.074,0.082,0,0.04,9.701,5.956
08:30.9,3666,-0.436,-0.612,-0.373,-0.544,0.475,0.484,-0.543,-0.495,-0.075,-0.144,0.728,0.666,-0.28,0.057,0.702,0.653,0.506,0.443,-0.464,-0.577,0.565,-0.385,-0.651,-0.329,0.786,1.144,1.031,0.744,0.371,0.001,0.043,0.005,0.004,1.012,0.961,0.431,0.057,0.001,0.498,0.148,0.001,0.001,0.416,0.541,0.125,0.001,0.002,0.466,0.83,0.001,0.001,0.002,0.009,0.001,0.001,0.001,0.266,0.228,0.001,0.001,0.001,0.053,0.105,0.001,0.001,0.001,0.001,0.001,0.001,0.656,-0.123,-0.668,0.329,0,0.001,0.001,0.084,0,0,0.037,0,0,0,0.001,0.001,0.001,0.001,0.161,0.133,0.136,0,0.001,0.001,0,0.001,0,0.089,0.234,0.001,0.198,0.001,0.001,0.001,0,0,0.237,0.365,0.59,0.853,0.001,0.316,0.398,0.836,1.079,0.074,0.082,0,0.04,10.297,5.956
08:30.9,3667,-0.439,-0.608,-0.382,-0.54,0.464,0.496,-0.539,-0.498,-0.07,-0.155,0.721,0.672,-0.284,0.059,0.702,0.651,0.507,0.447,-0.466,-0.572,0.569,-0.386,-0.651,-0.323,0.783,1.15,1.049,0.8,0.476,0.001,0.142,0.018,0.004,1.009,0.962,0.476,0.065,0.012,0.497,0.19,0.001,0.002,0.413,0.536,0.142,0.001,0.001,0.449,0.855,0.001,0.001,0.002,0.009,0.001,0.001,0.001,0.287,0.35,0.001,0.001,0.001,0.033,0.182,0.001,0.001,0.001,0.001,0.001,0.001,0.656,-0.123,-0.668,0.329,0,0.001,0.001,0.084,0,0,0.037,0,0,0,0.001,0.001,0.001,0.001,0.161,0.133,0.136,0,0.001,0.001,0,0.001,0,0.089,0.234,0.001,0.198,0.001,0.001,0.001,0,0,0.237,0.365,0.59,0.853,0.001,0.316,0.398,0.836,1.079,0.074,0.082,0,0.04,10.911,5.956
08:30.9,3668,-0.444,-0.603,-0.391,-0.534,0.451,0.504,-0.536,-0.505,-0.066,-0.165,0.715,0.676,-0.29,0.06,0.7,0.649,0.509,0.45,-0.466,-0.566,0.572,-0.385,-0.651,-0.319,0.766,1.151,1.059,0.833,0.567,0.04,0.242,0.028,0.004,1.007,0.962,0.527,0.073,0.016,0.505,0.245,0.001,0.001,0.41,0.532,0.156,0.002,0.001,0.429,0.839,0.001,0.001,0.002,0.009,0.001,0.001,0.001,0.281,0.433,0.001,0.001,0.001,0.038,0.278,0.001,0.001,0.001,0.001,0.001,0.001,0.656,-0.123,-0.668,0.329,0,0.001,0.001,0.084,0,0,0.037,0,0,0,0.001,0.001,0.001,0.001,0.161,0.133,0.136,0,0.001,0.001,0,0.001,0,0.089,0.234,0.001,0.198,0.001,0.001,0.001,0,0,0.237,0.365,0.59,0.853,0.001,0.316,0.398,0.836,1.079,0.074,0.082,0,0.04,11.451,5.956
08:30.9,3669,-0.449,-0.6,-0.401,-0.527,0.437,0.509,-0.534,-0.515,-0.064,-0.175,0.71,0.679,-0.296,0.063,0.699,0.648,0.511,0.454,-0.467,-0.561,0.576,-0.381,-0.652,-0.313,0.746,1.153,1.068,0.901,0.662,0.06,0.326,0.033,0.004,1,0.956,0.553,0.081,0.04,0.492,0.292,0.001,0.001,0.409,0.534,0.158,0.002,0.001,0.411,0.807,0.001,0.001,0.002,0.009,0.001,0.001,0.001,0.266,0.487,0.001,0.001,0.001,0.049,0.342,0.001,0.001,0.001,0.001,0.001,0.001,0.656,-0.123,-0.668,0.329,0,0.001,0.001,0.084,0,0,0.037,0,0,0,0.001,0.001,0.001,0.001,0.161,0.133,0.136,0,0.001,0.001,0,0.001,0,0.089,0.234,0.001,0.198,0.001,0.001,0.001,0,0,0.237,0.365,0.59,0.853,0.001,0.316,0.398,0.836,1.079,0.074,0.082,0,0.04,11.86,5.956
08:30.9,3670,-0.454,-0.597,-0.409,-0.519,0.424,0.511,-0.532,-0.525,-0.066,-0.185,0.707,0.68,-0.299,0.067,0.697,0.648,0.513,0.457,-0.467,-0.557,0.578,-0.381,-0.651,-0.311,0.717,1.158,1.076,0.963,0.751,0.136,0.387,0.042,0.004,0.996,0.956,0.565,0.092,0.057,0.498,0.332,0.007,0.001,0.399,0.526,0.154,0.002,0.001,0.408,0.812,0.001,0.001,0.002,0.009,0.002,0.001,0.001,0.249,0.554,0.001,0.001,0.001,0.071,0.369,0.001,0.001,0.001,0.001,0.001,0.001,0.656,-0.123,-0.668,0.329,0,0.001,0.001,0.084,0,0,0.037,0,0,0,0.001,0.001,0.001,0.001,0.161,0.133,0.136,0,0.001,0.001,0,0.001,0,0.089,0.234,0.001,0.198,0.001,0.001,0.001,0,0,0.237,0.365,0.59,0.853,0.001,0.316,0.398,0.836,1.079,0.074,0.082,0,0.04,12.309,5.956
08:31.0,3671,-0.457,-0.595,-0.416,-0.513,0.412,0.513,-0.532,-0.533,-0.068,-0.196,0.704,0.679,-0.299,0.072,0.697,0.647,0.515,0.458,-0.467,-0.554,0.578,-0.383,-0.649,-0.312,0.672,1.16,1.077,0.993,0.824,0.216,0.447,0.063,0.004,0.993,0.957,0.589,0.107,0.082,0.498,0.354,0.032,0.002,0.392,0.52,0.155,0.002,0.001,0.411,0.803,0.001,0.011,0.002,0.01,0.002,0.001,0.001,0.248,0.59,0.001,0.004,0.001,0.073,0.388,0.001,0.001,0.001,0.001,0.001,0.001,0.656,-0.123,-0.668,0.329,0,0.001,0.001,0.084,0,0,0.037,0,0,0,0.001,0.001,0.001,0.001,0.161,0.133,0.136,0,0.001,0.001,0,0.001,0,0.089,0.234,0.001,0.198,0.001,0.001,0.001,0,0,0.237,0.365,0.59,0.853,0.001,0.316,0.398,0.836,1.079,0.074,0.082,0,0.04,12.693,5.956
08:31.0,3672,-0.46,-0.592,-0.423,-0.509,0.405,0.513,-0.534,-0.537,-0.071,-0.207,0.701,0.678,-0.297,0.081,0.699,0.645,0.516,0.459,-0.467,-0.552,0.578,-0.385,-0.647,-0.314,0.636,1.161,1.081,1.018,0.884,0.287,0.474,0.084,0.002,0.982,0.957,0.613,0.121,0.104,0.504,0.368,0.022,0.002,0.385,0.514,0.15,0.002,0.001,0.421,0.807,0.001,0.071,0.002,0.01,0.002,0.001,0.001,0.252,0.596,0.001,0.018,0.001,0.077,0.391,0.001,0.001,0.001,0.001,0.001,0.001,0.609,-0.366,-0.577,0.403,0,0,0,0.082,0.001,0.001,0.02,0.001,0,0.001,0.001,0.002,0,0.001,0.125,0.103,0.159,0,0,0,0,0.001,0,0.073,0.179,0,0.154,0.001,0.001,0,0,0,0.188,0.328,0.424,0.802,0.001,0.244,0.326,0.614,1.118,0.051,0.072,0.001,0.018,13.01,5.093
08:31.0,3673,-0.461,-0.59,-0.429,-0.505,0.402,0.514,-0.536,-0.536,-0.073,-0.218,0.699,0.677,-0.295,0.094,0.702,0.641,0.516,0.459,-0.467,-0.551,0.579,-0.385,-0.645,-0.315,0.611,1.167,1.089,1.035,0.921,0.364,0.488,0.1,0.002,0.968,0.955,0.635,0.133,0.118,0.507,0.375,0.026,0.001,0.371,0.499,0.144,0.004,0.002,0.44,0.806,0.001,0.117,0.004,0.009,0.002,0.001,0.001,0.252,0.6,0.001,0.039,0.001,0.082,0.398,0.001,0.001,0.001,0.001,0.001,0.001,0.617,-0.35,-0.559,0.429,0,0.001,0.001,0.001,0,0,0,0.001,0,0.009,0.012,0,0,0.001,0,0.001,0,0,0.01,0,0,0,0,0,0.001,0,0,0.001,0,0.001,0.001,0,0.001,0.001,0.001,0,0.001,0,0.001,0,0.001,0.001,0.001,0,0.001,13.275,0.05
08:31.0,3674,-0.461,-0.588,-0.436,-0.502,0.403,0.514,-0.538,-0.532,-0.074,-0.228,0.697,0.676,-0.293,0.107,0.707,0.634,0.516,0.459,-0.468,-0.552,0.579,-0.388,-0.642,-0.319,0.573,1.176,1.093,1.053,0.963,0.433,0.505,0.112,0.002,0.96,0.956,0.634,0.128,0.123,0.523,0.381,0.023,0.001,0.354,0.486,0.132,0.004,0.002,0.447,0.806,0.001,0.167,0.002,0.006,0.002,0.001,0.001,0.252,0.603,0.001,0.06,0.001,0.082,0.407,0.001,0.001,0.001,0.001,0.001,0.001,0.633,-0.333,-0.549,0.433,0,0.001,0.001,0.001,0.001,0,0,0,0,0.001,0.001,0.001,0,0,0,0,0,0,0.011,0,0,0,0.001,0.001,0,0,0,0,0.001,0,0.001,0,0.001,0,0.001,0,0,0.001,0.001,0,0,0.001,0,0,0,13.462,0.027
08:31.0,3675,-0.46,-0.585,-0.443,-0.499,0.405,0.516,-0.539,-0.528,-0.073,-0.239,0.695,0.674,-0.292,0.12,0.711,0.628,0.516,0.458,-0.469,-0.552,0.579,-0.388,-0.642,-0.319,0.573,1.176,1.093,1.053,0.963,0.433,0.505,0.112,0.002,0.96,0.956,0.634,0.128,0.123,0.523,0.381,0.023,0.001,0.354,0.486,0.132,0.004,0.002,0.447,0.806,0.001,0.167,0.002,0.006,0.002,0.001,0.001,0.252,0.603,0.001,0.06,0.001,0.082,0.407,0.001,0.001,0.001,0.001,0.001,0.001,0.619,-0.351,-0.545,0.443,0,0.001,0,0.001,0.001,0,0.001,0.001,0,0.001,0,0,0,0,0,0.001,0,0,0.007,0.001,0,0,0.001,0,0,0,0,0,0,0,0.001,0.001,0,0.001,0.001,0.001,0,0,0,0.001,0,0,0.001,0,0.001,13.462,0.024
08:31.0,3676,-0.46,-0.583,-0.45,-0.496,0.405,0.519,-0.539,-0.525,-0.071,-0.249,0.692,0.673,-0.293,0.13,0.714,0.623,0.515,0.458,-0.47,-0.552,0.579,-0.388,-0.642,-0.319,0.573,1.176,1.093,1.053,0.963,0.433,0.505,0.112,0.002,0.96,0.956,0.634,0.128,0.123,0.523,0.381,0.023,0.001,0.354,0.486,0.132,0.004,0.002,0.447,0.806,0.001,0.167,0.002,0.006,0.002,0.001,0.001,0.252,0.603,0.001,0.06,0.001,0.082,0.407,0.001,0.001,0.001,0.001,0.001,0.001,0.609,-0.378,-0.534,0.449,0.001,0,0.001,0.001,0,0.001,0,0,0,0,0.001,0.001,0,0,0.001,0.001,0,0.001,0,0,0.001,0,0,0.001,0,0.001,0,0.001,0.001,0.001,0,0.001,0,0.001,0.001,0,0,0,0,0,0,0,0,0.001,0,13.462,0.019
08:31.0,3677,-0.46,-0.58,-0.456,-0.494,0.403,0.522,-0.539,-0.524,-0.067,-0.258,0.689,0.673,-0.296,0.14,0.714,0.619,0.514,0.457,-0.471,-0.552,0.579,-0.388,-0.642,-0.319,0.573,1.176,1.093,1.053,0.963,0.433,0.505,0.112,0.002,0.96,0.956,0.634,0.128,0.123,0.523,0.381,0.023,0.001,0.354,0.486,0.132,0.004,0.002,0.447,0.806,0.001,0.167,0.002,0.006,0.002,0.001,0.001,0.252,0.603,0.001,0.06,0.001,0.082,0.407,0.001,0.001,0.001,0.001,0.001,0.001,0.605,-0.392,-0.527,0.45,0.001,0.001,0,0.001,0.001,0.001,0.001,0,0,0.001,0.001,0,0,0.001,0.001,0,0.001,0,0,0,0,0.001,0.001,0.001,0.001,0.001,0,0.001,0.001,0,0.001,0.001,0,0,0.001,0,0.001,0.001,0.001,0,0.001,0.001,0,0.001,0,13.462,0.027
08:31.0,3678,-0.462,-0.577,-0.461,-0.49,0.398,0.524,-0.538,-0.526,-0.061,-0.266,0.686,0.674,-0.3,0.147,0.714,0.615,0.514,0.456,-0.472,-0.552,0.579,-0.388,-0.642,-0.319,0.573,1.176,1.093,1.053,0.963,0.433,0.505,0.112,0.002,0.96,0.956,0.634,0.128,0.123,0.523,0.381,0.023,0.001,0.354,0.486,0.132,0.004,0.002,0.447,0.806,0.001,0.167,0.002,0.006,0.002,0.001,0.001,0.252,0.603,0.001,0.06,0.001,0.082,0.407,0.001,0.001,0.001,0.001,0.001,0.001,0.618,-0.371,-0.532,0.445,0,0.001,0.001,0,0,0,0.001,0,0.001,0,0,0.001,0.001,0,0.001,0.001,0.001,0,0,0.001,0,0.001,0.001,0.001,0,0,0,0,0,0,0.001,0.001,0,0,0,0,0.001,0.001,0,0.001,0.001,0,0,0,0,13.462,0.019
08:31.0,3679,-0.464,-0.575,-0.466,-0.486,0.393,0.526,-0.538,-0.529,-0.054,-0.272,0.683,0.676,-0.307,0.15,0.715,0.61,0.514,0.456,-0.473,-0.552,0.579,-0.388,-0.642,-0.319,0.573,1.176,1.093,1.053,0.963,0.433,0.505,0.112,0.002,0.96,0.956,0.634,0.128,0.123,0.523,0.381,0.023,0.001,0.354,0.486,0.132,0.004,0.002,0.447,0.806,0.001,0.167,0.002,0.006,0.002,0.001,0.001,0.252,0.603,0.001,0.06,0.001,0.082,0.407,0.001,0.001,0.001,0.001,0.001,0.001,0.635,-0.337,-0.539,0.439,0,0.001,0.001,0.001,0.001,0.001,0.001,0.001,0,0.001,0.001,0.001,0.001,0.001,0,0.001,0.001,0,0,0,0,0,0.001,0,0.001,0,0,0.001,0.001,0.001,0.001,0,0.001,0,0.001,0,0.001,0,0.001,0.001,0.001,0,0.001,0.001,0,13.462,0.028
08:31.0,3680,-0.467,-0.572,-0.472,-0.482,0.387,0.526,-0.538,-0.533,-0.044,-0.276,0.679,0.678,-0.315,0.149,0.715,0.606,0.514,0.455,-0.474,-0.552,0.579,-0.388,-0.642,-0.319,0.573,1.176,1.093,1.053,0.963,0.433,0.505,0.112,0.002,0.96,0.956,0.634,0.128,0.123,0.523,0.381,0.023,0.001,0.354,0.486,0.132,0.004,0.002,0.447,0.806,0.001,0.167,0.002,0.006,0.002,0.001,0.001,0.252,0.603,0.001,0.06,0.001,0.082,0.407,0.001,0.001,0.001,0.001,0.001,0.001,0.651,-0.306,-0.547,0.428,0,0.001,0,0.001,0,0,0,0,0,0.001,0.001,0.001,0,0.001,0.001,0,0,0,0,0,0,0,0.001,0.001,0.001,0,0.001,0,0,0.001,0,0.001,0,0,0,0,0,0,0,0.001,0.001,0,0,0,0,13.462,0.015
08:31.1,3681,-0.47,-0.57,-0.477,-0.476,0.383,0.525,-0.538,-0.537,-0.032,-0.279,0.676,0.682,-0.322,0.147,0.714,0.604,0.515,0.454,-0.475,-0.551,0.582,-0.395,-0.626,-0.337,0.563,1.177,1.094,1.048,0.969,0.446,0.501,0.111,0.002,0.955,0.956,0.639,0.136,0.125,0.526,0.381,0.024,0.001,0.349,0.484,0.133,0.004,0.002,0.451,0.803,0.001,0.162,0.002,0.005,0.002,0.001,0.001,0.255,0.607,0.001,0.068,0.001,0.081,0.408,0.001,0.001,0.001,0.001,0.001,0.001,0.669,-0.273,-0.559,0.407,0,0.001,0.001,0,0.001,0,0,0,0,0.001,0,0,0.001,0.001,0,0.001,0,0,0.001,0.001,0.001,0.001,0,0,0.001,0.001,0,0,0.001,0.001,0.001,0.001,0,0,0,0,0.001,0.001,0.001,0,0,0,0.001,0,0.001,13.481,0.022
08:31.1,3682,-0.473,-0.569,-0.481,-0.471,0.381,0.524,-0.539,-0.538,-0.02,-0.28,0.672,0.685,-0.326,0.146,0.711,0.606,0.516,0.452,-0.476,-0.55,0.58,-0.4,-0.621,-0.344,0.256,1.105,1.06,1.034,1.079,0.58,0.552,0.117,0.001,0.89,0.917,0.592,0.145,0.231,0.584,0.411,0.039,0.001,0.303,0.413,0.063,0.002,0.007,0.486,0.825,0.001,0.193,0.002,0.004,0.002,0.001,0.001,0.238,0.608,0.001,0.083,0.001,0.074,0.349,0.001,0.001,0.001,0.001,0.001,0.001,0.678,-0.253,-0.568,0.391,0,0.001,0,0,0,0,0,0,0,0.001,0.001,0.001,0,0.001,0.001,0,0,0,0,0,0,0.001,0,0,0.001,0.001,0.001,0,0,0.001,0,0,0.001,0,0.001,0,0.001,0.001,0.001,0,0.001,0,0,0,0.001,13.257,0.018
08:31.1,3683,-0.476,-0.567,-0.484,-0.466,0.381,0.522,-0.541,-0.538,-0.007,-0.279,0.668,0.69,-0.328,0.146,0.706,0.61,0.516,0.45,-0.478,-0.549,0.58,-0.4,-0.621,-0.344,0.256,1.105,1.06,1.034,1.079,0.58,0.552,0.117,0.001,0.89,0.917,0.592,0.145,0.231,0.584,0.411,0.039,0.001,0.303,0.413,0.063,0.002,0.007,0.486,0.825,0.001,0.193,0.002,0.004,0.002,0.001,0.001,0.238,0.608,0.001,0.083,0.001,0.074,0.349,0.001,0.001,0.001,0.001,0.001,0.001,0.692,-0.224,-0.58,0.367,0.001,0.001,0.001,0.001,0.001,0,0,0.001,0.001,0,0,0.001,0.001,0.001,0,0,0,0,0,0.001,0.001,0,0,0,0,0,0.001,0,0,0,0.001,0,0.001,0,0.001,0,0.001,0,0,0.001,0,0,0,0,0,13.257,0.018
08:31.1,3684,-0.48,-0.566,-0.487,-0.461,0.382,0.521,-0.543,-0.537,0.007,-0.278,0.664,0.694,-0.327,0.146,0.701,0.617,0.517,0.449,-0.48,-0.548,0.58,-0.4,-0.621,-0.344,0.256,1.105,1.06,1.034,1.079,0.58,0.552,0.117,0.001,0.89,0.917,0.592,0.145,0.231,0.584,0.411,0.039,0.001,0.303,0.413,0.063,0.002,0.007,0.486,0.825,0.001,0.193,0.002,0.004,0.002,0.001,0.001,0.238,0.608,0.001,0.083,0.001,0.074,0.349,0.001,0.001,0.001,0.001,0.001,0.001,0.701,-0.204,-0.588,0.349,0,0,0.001,0,0,0.001,0,0.001,0,0,0.001,0.001,0.001,0,0.001,0,0,0,0.001,0.001,0.001,0.001,0.001,0,0,0.001,0.001,0,0,0,0,0,0,0.001,0,0,0,0.001,0.001,0,0,0.001,0,0,0,13.257,0.018
08:31.1,3685,-0.483,-0.565,-0.489,-0.456,0.383,0.519,-0.545,-0.535,0.02,-0.275,0.66,0.698,-0.322,0.147,0.694,0.627,0.518,0.447,-0.482,-0.547,0.58,-0.4,-0.621,-0.344,0.256,1.105,1.06,1.034,1.079,0.58,0.552,0.117,0.001,0.89,0.917,0.592,0.145,0.231,0.584,0.411,0.039,0.001,0.303,0.413,0.063,0.002,0.007,0.486,0.825,0.001,0.193,0.002,0.004,0.002,0.001,0.001,0.238,0.608,0.001,0.083,0.001,0.074,0.349,0.001,0.001,0.001,0.001,0.001,0.001,0.708,-0.187,-0.594,0.332,0,0.001,0,0,0.001,0,0,0.001,0,0.001,0,0,0.001,0.001,0.001,0,0,0,0,0.001,0.001,0.001,0.001,0,0,0,0,0,0.001,0,0,0.001,0,0,0,0,0,0,0,0,0,0,0.001,0,0.001,13.257,0.015
08:31.1,3686,-0.486,-0.564,-0.491,-0.452,0.382,0.518,-0.547,-0.535,0.032,-0.271,0.657,0.702,-0.315,0.147,0.688,0.638,0.519,0.446,-0.484,-0.545,0.58,-0.4,-0.621,-0.344,0.256,1.105,1.06,1.034,1.079,0.58,0.552,0.117,0.001,0.89,0.917,0.592,0.145,0.231,0.584,0.411,0.039,0.001,0.303,0.413,0.063,0.002,0.007,0.486,0.825,0.001,0.193,0.002,0.004,0.002,0.001,0.001,0.238,0.608,0.001,0.083,0.001,0.074,0.349,0.001,0.001,0.001,0.001,0.001,0.001,0.708,-0.187,-0.594,0.332,0,0.001,0,0,0.001,0,0,0.001,0,0.001,0,0,0.001,0.001,0.001,0,0,0,0,0.001,0.001,0.001,0.001,0,0,0,0,0,0.001,0,0,0.001,0,0,0,0,0,0,0,0,0,0,0.001,0,0.001,13.257,0.015
08:31.1,3687,-0.488,-0.564,-0.492,-0.448,0.38,0.517,-0.548,-0.536,0.043,-0.267,0.655,0.706,-0.304,0.147,0.682,0.649,0.52,0.444,-0.486,-0.544,0.58,-0.4,-0.621,-0.344,0.256,1.105,1.06,1.034,1.079,0.58,0.552,0.117,0.001,0.89,0.917,0.592,0.145,0.231,0.584,0.411,0.039,0.001,0.303,0.413,0.063,0.002,0.007,0.486,0.825,0.001,0.193,0.002,0.004,0.002,0.001,0.001,0.238,0.608,0.001,0.083,0.001,0.074,0.349,0.001,0.001,0.001,0.001,0.001,0.001,0.708,-0.187,-0.594,0.332,0,0.001,0,0,0.001,0,0,0.001,0,0.001,0,0,0.001,0.001,0.001,0,0,0,0,0.001,0.001,0.001,0.001,0,0,0,0,0,0.001,0,0,0.001,0,0,0,0,0,0,0,0,0,0,0.001,0,0.001,13.257,0.015
08:31.1,3688,-0.49,-0.565,-0.493,-0.445,0.379,0.515,-0.549,-0.538,0.052,-0.262,0.653,0.709,-0.293,0.146,0.678,0.659,0.521,0.443,-0.488,-0.543,0.588,-0.399,-0.611,-0.35,0.256,1.105,1.06,1.034,1.079,0.58,0.552,0.117,0.001,0.89,0.917,0.592,0.145,0.231,0.584,0.411,0.039,0.001,0.303,0.413,0.063,0.002,0.007,0.486,0.825,0.001,0.193,0.002,0.004,0.002,0.001,0.001,0.238,0.608,0.001,0.083,0.001,0.074,0.349,0.001,0.001,0.001,0.001,0.001,0.001,0.708,-0.187,-0.594,0.332,0,0.001,0,0,0.001,0,0,0.001,0,0.001,0,0,0.001,0.001,0.001,0,0,0,0,0.001,0.001,0.001,0.001,0,0,0,0,0,0.001,0,0,0.001,0,0,0,0,0,0,0,0,0,0,0.001,0,0.001,13.257,0.015
08:31.1,3689,-0.491,-0.565,-0.494,-0.443,0.378,0.513,-0.551,-0.539,0.058,-0.256,0.653,0.711,-0.279,0.145,0.674,0.668,0.522,0.441,-0.489,-0.542,0.589,-0.398,-0.611,-0.349,0.107,0.987,0.983,1.005,1.197,0.665,0.596,0.144,0.001,0.817,0.879,0.597,0.161,0.32,0.63,0.471,0.122,0.001,0.304,0.404,0.077,0.002,0.023,0.532,0.855,0.039,0.314,0.002,0.004,0.002,0.001,0.001,0.256,0.596,0.001,0.123,0.001,0.068,0.341,0.005,0.034,0.001,0.002,0.001,0.001,0.708,-0.187,-0.594,0.332,0,0.001,0,0,0.001,0,0,0.001,0,0.001,0,0,0.001,0.001,0.001,0,0,0,0,0.001,0.001,0.001,0.001,0,0,0,0,0,0.001,0,0,0.001,0,0,0,0,0,0,0,0,0,0,0.001,0,0.001,13.673,0.015
08:31.1,3690,-0.491,-0.565,-0.494,-0.442,0.378,0.511,-0.553,-0.539,0.061,-0.25,0.653,0.712,-0.265,0.142,0.672,0.677,0.523,0.44,-0.491,-0.541,0.59,-0.398,-0.61,-0.349,0.088,0.961,0.976,0.995,1.216,0.691,0.596,0.144,0.001,0.816,0.867,0.598,0.168,0.33,0.63,0.479,0.149,0.001,0.295,0.404,0.085,0.004,0.023,0.554,0.862,0.063,0.349,0.002,0.004,0.002,0.001,0.001,0.27,0.601,0.001,0.138,0.001,0.073,0.349,0.009,0.055,0.001,0.002,0.026,0.001,0.708,-0.187,-0.594,0.332,0,0.001,0,0,0.001,0,0,0.001,0,0.001,0,0,0.001,0.001,0.001,0,0,0,0,0.001,0.001,0.001,0.001,0,0,0,0,0,0.001,0,0,0.001,0,0,0,0,0,0,0,0,0,0,0.001,0,0.001,13.882,0.015
08:31.2,3691,-0.491,-0.565,-0.494,-0.441,0.378,0.51,-0.555,-0.538,0.061,-0.245,0.655,0.712,-0.249,0.14,0.67,0.685,0.523,0.438,-0.492,-0.54,0.59,-0.398,-0.61,-0.349,0.079,0.949,0.961,0.989,1.222,0.719,0.598,0.15,0.001,0.799,0.857,0.6,0.178,0.346,0.631,0.481,0.186,0.001,0.289,0.405,0.088,0.004,0.024,0.56,0.867,0.098,0.4,0.004,0.004,0.002,0.001,0.001,0.282,0.611,0.001,0.16,0.001,0.076,0.348,0.037,0.067,0.001,0.004,0.028,0.001,0.708,-0.187,-0.594,0.332,0,0.001,0,0,0.001,0,0,0.001,0,0.001,0,0,0.001,0.001,0.001,0,0,0,0,0.001,0.001,0.001,0.001,0,0,0,0,0,0.001,0,0,0.001,0,0,0,0,0,0,0,0,0,0,0.001,0,0.001,14.111,0.015
08:31.2,3692,-0.491,-0.565,-0.495,-0.441,0.378,0.509,-0.557,-0.537,0.059,-0.239,0.658,0.712,-0.232,0.136,0.669,0.693,0.524,0.437,-0.493,-0.54,0.592,-0.396,-0.611,-0.346,0.06,0.933,0.944,0.984,1.232,0.751,0.595,0.158,0.001,0.785,0.847,0.596,0.189,0.358,0.635,0.481,0.211,0.001,0.282,0.407,0.093,0.004,0.022,0.565,0.872,0.12,0.403,0.002,0.004,0.002,0.001,0.001,0.295,0.621,0.001,0.184,0.001,0.079,0.346,0.054,0.072,0.001,0.004,0.043,0.001,0.737,-0.15,-0.651,0.106,0.001,0,0.001,0.001,0.001,0,0,0.001,0,0.001,0,0.001,0.001,0,0.001,0.001,0,0,0.001,0,0,0,0,0,0,0,0.001,0,0,0,0.001,0.001,0,0,0.001,0.001,0,0,0,0,0.001,0.001,0,0.001,0,14.241,0.019
08:31.2,3693,-0.491,-0.565,-0.496,-0.441,0.378,0.507,-0.558,-0.537,0.055,-0.234,0.66,0.712,-0.214,0.131,0.67,0.699,0.524,0.435,-0.493,-0.541,0.593,-0.395,-0.611,-0.345,0.042,0.916,0.926,0.976,1.233,0.769,0.598,0.164,0.001,0.768,0.841,0.603,0.203,0.376,0.64,0.482,0.23,0.001,0.274,0.41,0.089,0.007,0.026,0.57,0.866,0.144,0.419,0.004,0.004,0.002,0.001,0.001,0.302,0.629,0.001,0.209,0.001,0.083,0.35,0.074,0.081,0.001,0.005,0.049,0.001,0.735,-0.141,-0.659,0.078,0.001,0,0.001,0.001,0.001,0,0,0,0,0,0.001,0,0.001,0,0.001,0,0.001,0.001,0.001,0,0,0,0.001,0.001,0.001,0,0.001,0.001,0,0,0.001,0,0,0,0,0.001,0,0.001,0,0.001,0.001,0,0.001,0.001,0.001,14.372,0.023
08:31.2,3694,-0.49,-0.565,-0.497,-0.441,0.378,0.506,-0.559,-0.537,0.05,-0.23,0.662,0.712,-0.196,0.125,0.672,0.703,0.525,0.433,-0.494,-0.541,0.592,-0.397,-0.609,-0.347,0.027,0.886,0.905,0.967,1.239,0.778,0.596,0.167,0.001,0.761,0.834,0.603,0.21,0.389,0.642,0.479,0.254,0.001,0.271,0.411,0.096,0.009,0.024,0.578,0.869,0.197,0.432,0.004,0.004,0.002,0.002,0.002,0.31,0.636,0.001,0.237,0.001,0.09,0.357,0.078,0.085,0.001,0.007,0.055,0.001,0.732,-0.134,-0.667,0.04,0,0.001,0,0,0,0,0,0,0,0,0,0,0,0,0.001,0.001,0,0,0.001,0.001,0.001,0,0.001,0.001,0.001,0,0.001,0,0.001,0.001,0.001,0.001,0.001,0.001,0,0,0,0,0,0.001,0.001,0,0,0,0,14.499,0.018
08:31.2,3695,-0.489,-0.564,-0.498,-0.442,0.378,0.506,-0.56,-0.536,0.044,-0.227,0.664,0.711,-0.179,0.117,0.674,0.707,0.525,0.432,-0.494,-0.542,0.592,-0.399,-0.608,-0.347,0.006,0.839,0.871,0.954,1.238,0.802,0.595,0.177,0.001,0.748,0.83,0.602,0.226,0.405,0.645,0.479,0.278,0.001,0.264,0.41,0.099,0.009,0.024,0.581,0.874,0.217,0.438,0.004,0.005,0.002,0.002,0.002,0.319,0.642,0.001,0.247,0.001,0.098,0.354,0.111,0.098,0.001,0.007,0.063,0.001,0.732,-0.134,-0.667,0.04,0,0.001,0,0,0,0,0,0,0,0,0,0,0,0,0.001,0.001,0,0,0.001,0.001,0.001,0,0.001,0.001,0.001,0,0.001,0,0.001,0.001,0.001,0.001,0.001,0.001,0,0,0,0,0,0.001,0.001,0,0,0,0,14.571,0.018
08:31.2,3696,-0.487,-0.564,-0.499,-0.442,0.378,0.505,-0.561,-0.536,0.038,-0.225,0.665,0.711,-0.163,0.11,0.675,0.711,0.525,0.431,-0.494,-0.543,0.593,-0.397,-0.61,-0.345,0.001,0.775,0.824,0.94,1.242,0.812,0.59,0.179,0.001,0.734,0.817,0.591,0.234,0.425,0.643,0.485,0.309,0.001,0.255,0.416,0.106,0.011,0.027,0.597,0.871,0.248,0.464,0.004,0.005,0.002,0.001,0.002,0.324,0.651,0.002,0.278,0.001,0.109,0.361,0.162,0.103,0.001,0.007,0.068,0.001,0.732,-0.134,-0.667,0.04,0,0.001,0,0,0,0,0,0,0,0,0,0,0,0,0.001,0.001,0,0,0.001,0.001,0.001,0,0.001,0.001,0.001,0,0.001,0,0.001,0.001,0.001,0.001,0.001,0.001,0,0,0,0,0,0.001,0.001,0,0,0,0,14.68,0.018
08:31.2,3697,-0.486,-0.564,-0.5,-0.442,0.377,0.505,-0.562,-0.536,0.032,-0.224,0.667,0.71,-0.149,0.102,0.677,0.714,0.525,0.429,-0.494,-0.544,0.596,-0.392,-0.613,-0.339,0.001,0.724,0.796,0.908,1.243,0.818,0.586,0.184,0.001,0.692,0.806,0.585,0.245,0.442,0.643,0.488,0.332,0.001,0.244,0.414,0.106,0.012,0.027,0.6,0.872,0.255,0.47,0.004,0.004,0.002,0.001,0.002,0.333,0.65,0.022,0.324,0.001,0.114,0.368,0.193,0.12,0.001,0.007,0.079,0.001,0.732,-0.134,-0.667,0.04,0,0.001,0,0,0,0,0,0,0,0,0,0,0,0,0.001,0.001,0,0,0.001,0.001,0.001,0,0.001,0.001,0.001,0,0.001,0,0.001,0.001,0.001,0.001,0.001,0.001,0,0,0,0,0,0.001,0.001,0,0,0,0,14.721,0.018
08:31.2,3698,-0.485,-0.564,-0.502,-0.442,0.376,0.505,-0.563,-0.535,0.027,-0.224,0.668,0.709,-0.135,0.093,0.678,0.716,0.525,0.429,-0.494,-0.544,0.6,-0.387,-0.616,-0.332,0.001,0.656,0.759,0.882,1.238,0.828,0.589,0.189,0.001,0.643,0.777,0.564,0.254,0.452,0.64,0.492,0.346,0.001,0.232,0.414,0.115,0.013,0.024,0.612,0.871,0.284,0.474,0.002,0.004,0.002,0.002,0.002,0.338,0.652,0.045,0.359,0.001,0.123,0.379,0.243,0.129,0.001,0.009,0.098,0.001,0.732,-0.134,-0.667,0.04,0,0.001,0,0,0,0,0,0,0,0,0,0,0,0,0.001,0.001,0,0,0.001,0.001,0.001,0,0.001,0.001,0.001,0,0.001,0,0.001,0.001,0.001,0.001,0.001,0.001,0,0,0,0,0,0.001,0.001,0,0,0,0,14.741,0.018
08:31.2,3699,-0.484,-0.564,-0.503,-0.442,0.376,0.505,-0.563,-0.535,0.022,-0.225,0.669,0.708,-0.121,0.084,0.679,0.719,0.525,0.428,-0.494,-0.545,0.603,-0.382,-0.62,-0.326,0.001,0.592,0.722,0.847,1.223,0.821,0.589,0.194,0.001,0.597,0.745,0.559,0.272,0.469,0.639,0.498,0.348,0.001,0.206,0.416,0.112,0.016,0.023,0.614,0.868,0.314,0.488,0.002,0.004,0.002,0.002,0.002,0.346,0.657,0.066,0.381,0.001,0.131,0.382,0.298,0.136,0.001,0.01,0.122,0.001,0.732,-0.134,-0.667,0.04,0,0.001,0,0,0,0,0,0,0,0,0,0,0,0,0.001,0.001,0,0,0.001,0.001,0.001,0,0.001,0.001,0.001,0,0.001,0,0.001,0.001,0.001,0.001,0.001,0.001,0,0,0,0,0,0.001,0.001,0,0,0,0,14.719,0.018
08:31.2,3700,-0.484,-0.564,-0.504,-0.441,0.375,0.505,-0.564,-0.535,0.019,-0.227,0.67,0.707,-0.105,0.075,0.68,0.721,0.525,0.427,-0.494,-0.546,0.604,-0.38,-0.622,-0.322,0.001,0.543,0.713,0.813,1.219,0.823,0.581,0.2,0.001,0.558,0.705,0.54,0.275,0.479,0.637,0.498,0.37,0.001,0.188,0.407,0.116,0.017,0.023,0.62,0.868,0.326,0.497,0.002,0.004,0.002,0.002,0.002,0.35,0.659,0.074,0.416,0.001,0.14,0.387,0.337,0.158,0.001,0.01,0.147,0.001,0.732,-0.134,-0.667,0.04,0,0.001,0,0,0,0,0,0,0,0,0,0,0,0,0.001,0.001,0,0,0.001,0.001,0.001,0,0.001,0.001,0.001,0,0.001,0,0.001,0.001,0.001,0.001,0.001,0.001,0,0,0,0,0,0.001,0.001,0,0,0,0,14.712,0.018
08:31.3,3701,-0.484,-0.563,-0.504,-0.441,0.375,0.506,-0.564,-0.534,0.017,-0.229,0.67,0.706,-0.087,0.066,0.681,0.724,0.525,0.426,-0.493,-0.547,0.606,-0.377,-0.625,-0.318,0.001,0.471,0.707,0.764,1.201,0.814,0.574,0.209,0.001,0.512,0.668,0.51,0.282,0.493,0.637,0.498,0.38,0.001,0.168,0.379,0.112,0.017,0.026,0.62,0.863,0.341,0.519,0.002,0.004,0.002,0.002,0.002,0.368,0.662,0.092,0.448,0.001,0.153,0.397,0.404,0.2,0.001,0.01,0.167,0.001,0.693,-0.176,-0.667,-0.209,0,0.001,0.001,0.001,0.001,0,0,0.001,0,0,0.001,0,0,0.001,0.001,0.001,0,0,0,0,0,0,0,0.001,0.001,0,0,0.001,0,0.001,0,0,0.001,0,0,0,0.001,0,0,0.001,0,0.001,0.001,0,0,14.684,0.018
08:31.3,3702,-0.484,-0.564,-0.505,-0.44,0.373,0.507,-0.564,-0.534,0.015,-0.232,0.67,0.706,-0.065,0.057,0.683,0.726,0.525,0.426,-0.493,-0.548,0.608,-0.372,-0.629,-0.31,0.001,0.4,0.68,0.753,1.183,0.801,0.569,0.208,0.001,0.46,0.635,0.477,0.28,0.503,0.635,0.501,0.394,0.001,0.149,0.365,0.104,0.015,0.027,0.625,0.863,0.352,0.524,0.002,0.004,0.002,0.002,0.002,0.374,0.667,0.122,0.475,0.001,0.161,0.403,0.453,0.214,0.001,0.015,0.186,0.001,0.693,-0.176,-0.667,-0.209,0,0.001,0.001,0.001,0.001,0,0,0.001,0,0,0.001,0,0,0.001,0.001,0.001,0,0,0,0,0,0,0,0.001,0.001,0,0,0.001,0,0.001,0,0,0.001,0,0,0,0.001,0,0,0.001,0,0.001,0.001,0,0,14.591,0.018
08:31.3,3703,-0.483,-0.564,-0.506,-0.439,0.372,0.508,-0.564,-0.534,0.014,-0.234,0.669,0.705,-0.041,0.05,0.684,0.727,0.526,0.425,-0.492,-0.549,0.61,-0.368,-0.632,-0.305,0.001,0.333,0.659,0.703,1.167,0.791,0.563,0.21,0.001,0.392,0.603,0.448,0.282,0.513,0.631,0.501,0.409,0.001,0.118,0.337,0.096,0.015,0.031,0.629,0.863,0.349,0.547,0.001,0.004,0.002,0.002,0.002,0.382,0.672,0.155,0.501,0.002,0.175,0.407,0.496,0.241,0.001,0.015,0.195,0.001,0.693,-0.176,-0.667,-0.209,0,0.001,0.001,0.001,0.001,0,0,0.001,0,0,0.001,0,0,0.001,0.001,0.001,0,0,0,0,0,0,0,0.001,0.001,0,0,0.001,0,0.001,0,0,0.001,0,0,0,0.001,0,0,0.001,0,0.001,0.001,0,0,14.447,0.018
08:31.3,3704,-0.482,-0.565,-0.506,-0.439,0.369,0.509,-0.564,-0.535,0.012,-0.236,0.669,0.705,-0.018,0.045,0.685,0.727,0.526,0.424,-0.491,-0.55,0.613,-0.361,-0.638,-0.294,0.001,0.22,0.596,0.652,1.144,0.769,0.56,0.215,0.001,0.336,0.578,0.426,0.255,0.519,0.631,0.501,0.429,0.001,0.087,0.316,0.076,0.012,0.031,0.629,0.861,0.358,0.58,0.001,0.004,0.002,0.002,0.002,0.386,0.674,0.165,0.521,0.002,0.187,0.418,0.563,0.288,0.002,0.017,0.208,0.001,0.693,-0.176,-0.667,-0.209,0,0.001,0.001,0.001,0.001,0,0,0.001,0,0,0.001,0,0,0.001,0.001,0.001,0,0,0,0,0,0,0,0.001,0.001,0,0,0.001,0,0.001,0,0,0.001,0,0,0,0.001,0,0,0.001,0,0.001,0.001,0,0,14.227,0.018
08:31.3,3705,-0.481,-0.565,-0.506,-0.439,0.367,0.51,-0.563,-0.536,0.01,-0.238,0.668,0.705,0.003,0.041,0.685,0.727,0.526,0.423,-0.49,-0.552,0.615,-0.357,-0.642,-0.288,0.001,0.107,0.541,0.602,1.088,0.756,0.558,0.215,0.001,0.304,0.57,0.416,0.242,0.52,0.634,0.499,0.438,0.001,0.04,0.281,0.067,0.007,0.028,0.628,0.858,0.364,0.576,0.001,0.004,0.002,0.002,0.002,0.389,0.678,0.175,0.538,0.002,0.197,0.425,0.608,0.327,0.002,0.018,0.219,0.001,0.693,-0.176,-0.667,-0.209,0,0.001,0.001,0.001,0.001,0,0,0.001,0,0,0.001,0,0,0.001,0.001,0.001,0,0,0,0,0,0,0,0.001,0.001,0,0,0.001,0,0.001,0,0,0.001,0,0,0,0.001,0,0,0.001,0,0.001,0.001,0,0,13.932,0.018
08:31.3,3706,-0.481,-0.565,-0.506,-0.439,0.365,0.512,-0.562,-0.537,0.009,-0.24,0.668,0.704,0.022,0.038,0.685,0.727,0.526,0.422,-0.489,-0.553,0.615,-0.356,-0.644,-0.284,0.001,0.067,0.503,0.567,1.046,0.751,0.556,0.22,0.001,0.238,0.541,0.366,0.227,0.516,0.634,0.499,0.442,0.001,0.013,0.237,0.038,0.002,0.032,0.63,0.856,0.368,0.585,0.001,0.004,0.002,0.002,0.002,0.392,0.68,0.186,0.569,0.002,0.205,0.43,0.642,0.366,0.001,0.02,0.23,0.001,0.693,-0.176,-0.667,-0.209,0,0.001,0.001,0.001,0.001,0,0,0.001,0,0,0.001,0,0,0.001,0.001,0.001,0,0,0,0,0,0,0,0.001,0.001,0,0,0.001,0,0.001,0,0,0.001,0,0,0,0.001,0,0,0.001,0,0.001,0.001,0,0,13.672,0.018
08:31.3,3707,-0.48,-0.566,-0.506,-0.44,0.363,0.513,-0.561,-0.538,0.007,-0.24,0.668,0.704,0.038,0.035,0.685,0.726,0.526,0.421,-0.488,-0.556,0.614,-0.356,-0.645,-0.282,0.001,0.009,0.454,0.487,0.987,0.714,0.551,0.222,0.001,0.187,0.514,0.341,0.199,0.514,0.631,0.501,0.454,0.001,0.001,0.178,0.027,0.002,0.032,0.631,0.853,0.382,0.603,0.001,0.002,0.001,0.002,0.002,0.399,0.681,0.189,0.581,0.002,0.215,0.435,0.679,0.394,0.002,0.026,0.239,0.005,0.693,-0.176,-0.667,-0.209,0,0.001,0.001,0.001,0.001,0,0,0.001,0,0,0.001,0,0,0.001,0.001,0.001,0,0,0,0,0,0,0,0.001,0.001,0,0,0.001,0,0.001,0,0,0.001,0,0,0,0.001,0,0,0.001,0,0.001,0.001,0,0,13.332,0.018
08:31.3,3708,-0.479,-0.566,-0.506,-0.44,0.361,0.515,-0.56,-0.539,0.005,-0.241,0.668,0.704,0.05,0.032,0.686,0.726,0.525,0.419,-0.487,-0.558,0.613,-0.357,-0.647,-0.279,0.001,0.001,0.393,0.429,0.952,0.697,0.545,0.227,0.001,0.147,0.462,0.313,0.17,0.505,0.635,0.503,0.454,0.001,0.001,0.139,0.002,0.002,0.032,0.632,0.849,0.399,0.604,0.001,0.002,0.001,0.001,0.002,0.4,0.679,0.201,0.6,0.002,0.225,0.44,0.711,0.422,0.001,0.028,0.243,0.01,0.628,-0.281,-0.587,-0.426,0,0,0.001,0.001,0,0,0.001,0.001,0,0,0,0.001,0,0.001,0,0,0,0.001,0.001,0,0.001,0,0,0,0.001,0.001,0.001,0,0.001,0.001,0.001,0.001,0,0.001,0.001,0.001,0,0,0,0.001,0,0,0,0,0.001,13.065,0.021
08:31.3,3709,-0.478,-0.567,-0.506,-0.44,0.358,0.517,-0.559,-0.54,0.004,-0.24,0.667,0.705,0.062,0.027,0.686,0.724,0.525,0.418,-0.486,-0.56,0.613,-0.357,-0.649,-0.275,0.001,0.001,0.313,0.359,0.857,0.684,0.541,0.226,0.001,0.076,0.431,0.276,0.167,0.475,0.636,0.507,0.466,0.001,0.001,0.049,0.002,0.002,0.031,0.631,0.846,0.404,0.593,0.001,0.002,0.001,0.002,0.002,0.402,0.679,0.205,0.628,0.002,0.232,0.443,0.735,0.451,0.001,0.031,0.252,0.018,0.62,-0.297,-0.573,-0.446,0.001,0.001,0.001,0,0.001,0,0.001,0,0,0,0.001,0.001,0,0,0,0.015,0,0.001,0.001,0,0.001,0,0.001,0.001,0,0,0,0,0,0.001,0,0,0,0.001,0.001,0.001,0.001,0.001,0,0,0,0.001,0,0,0.001,12.664,0.035
08:31.3,3710,-0.477,-0.568,-0.506,-0.44,0.355,0.519,-0.558,-0.542,0.003,-0.239,0.667,0.705,0.072,0.022,0.687,0.723,0.523,0.416,-0.486,-0.563,0.612,-0.357,-0.651,-0.272,0.001,0.001,0.188,0.236,0.79,0.656,0.537,0.234,0.001,0.051,0.374,0.245,0.161,0.449,0.636,0.508,0.477,0.001,0.001,0.005,0.001,0.001,0.023,0.632,0.842,0.408,0.595,0.001,0.001,0.001,0.001,0.002,0.403,0.678,0.211,0.635,0.002,0.236,0.449,0.759,0.466,0.002,0.033,0.26,0.028,0.61,-0.317,-0.555,-0.469,0.001,0,0.001,0,0,0,0.001,0,0,0.001,0.001,0,0.001,0.001,0.001,0.009,0,0,0,0,0.001,0.001,0.001,0.001,0.001,0.001,0,0,0,0.001,0,0,0,0.001,0.001,0.001,0,0.001,0,0,0.001,0.001,0,0.001,0.001,12.222,0.032
08:31.4,3711,-0.476,-0.569,-0.506,-0.44,0.352,0.521,-0.556,-0.543,0.003,-0.238,0.667,0.706,0.084,0.018,0.688,0.721,0.522,0.415,-0.485,-0.565,0.611,-0.357,-0.654,-0.268,0.001,0.001,0.109,0.164,0.725,0.62,0.53,0.239,0.001,0.005,0.324,0.211,0.136,0.407,0.64,0.508,0.486,0.001,0.001,0.001,0.001,0.001,0.022,0.635,0.839,0.396,0.606,0.001,0.001,0.001,0.001,0.002,0.4,0.675,0.231,0.65,0.002,0.237,0.454,0.759,0.48,0.002,0.034,0.276,0.042,0.602,-0.333,-0.539,-0.486,0,0,0.001,0.001,0.001,0.001,0,0.001,0,0.001,0,0,0,0,0,0.007,0,0.001,0.001,0,0.001,0.001,0,0.001,0,0,0.001,0,0.001,0,0,0.001,0,0,0.001,0.001,0,0,0,0,0.001,0,0,0,0,11.858,0.024
08:31.4,3712,-0.475,-0.569,-0.505,-0.441,0.35,0.524,-0.555,-0.543,0.004,-0.235,0.667,0.707,0.095,0.014,0.688,0.719,0.521,0.413,-0.486,-0.567,0.611,-0.356,-0.657,-0.263,0.001,0.001,0.05,0.098,0.636,0.584,0.519,0.245,0.001,0.001,0.256,0.166,0.099,0.375,0.643,0.508,0.493,0.001,0.001,0.001,0.001,0.001,0.017,0.639,0.838,0.402,0.611,0.001,0.001,0.001,0.001,0.002,0.396,0.672,0.237,0.654,0.002,0.239,0.457,0.779,0.507,0.002,0.037,0.28,0.068,0.593,-0.353,-0.516,-0.508,0.001,0.001,0,0,0,0.001,0,0,0,0,0,0,0,0,0.001,0.01,0.001,0,0,0.001,0.001,0.001,0,0,0,0.001,0,0,0.001,0.001,0,0.001,0,0.001,0.001,0.001,0.001,0,0.001,0.001,0,0.001,0.001,0.001,0,11.524,0.031
08:31.4,3713,-0.475,-0.57,-0.505,-0.441,0.347,0.527,-0.553,-0.544,0.005,-0.233,0.667,0.708,0.105,0.011,0.689,0.717,0.519,0.412,-0.487,-0.569,0.61,-0.355,-0.66,-0.257,0.001,0.001,0.001,0.04,0.556,0.542,0.509,0.25,0.001,0.001,0.197,0.137,0.096,0.341,0.648,0.509,0.497,0.001,0.001,0.001,0.001,0.001,0.015,0.642,0.836,0.404,0.603,0.001,0.001,0.001,0.001,0.002,0.392,0.67,0.239,0.663,0.001,0.241,0.457,0.781,0.525,0.002,0.038,0.32,0.093,0.586,-0.367,-0.498,-0.523,0.001,0.001,0,0,0.001,0,0.001,0.001,0,0.001,0.001,0.001,0,0.001,0,0.004,0,0.001,0.001,0,0,0,0,0,0.001,0,0,0,0.001,0,0,0,0,0,0.001,0,0,0,0.001,0.001,0.001,0,0,0,0,11.26,0.021
08:31.4,3714,-0.476,-0.571,-0.504,-0.44,0.343,0.53,-0.551,-0.545,0.007,-0.229,0.667,0.709,0.115,0.009,0.689,0.715,0.518,0.411,-0.488,-0.57,0.609,-0.355,-0.662,-0.253,0.001,0.001,0.001,0.001,0.463,0.503,0.509,0.259,0.001,0.001,0.151,0.117,0.072,0.31,0.646,0.512,0.514,0,0.001,0.001,0.001,0.001,0.013,0.648,0.834,0.408,0.598,0.001,0.001,0.001,0.001,0.001,0.385,0.668,0.247,0.683,0.002,0.233,0.454,0.797,0.545,0.002,0.042,0.321,0.118,0.579,-0.383,-0.477,-0.539,0,0,0.001,0.001,0.001,0,0.001,0,0.001,0.001,0,0.001,0.001,0,0.001,0.009,0,0,0.001,0.001,0,0,0,0,0,0.001,0.001,0.001,0,0,0,0,0,0,0,0.001,0.001,0.001,0.001,0,0,0,0.001,0.001,0,11.069,0.029
08:31.4,3715,-0.476,-0.572,-0.503,-0.44,0.338,0.534,-0.548,-0.547,0.01,-0.226,0.667,0.71,0.123,0.008,0.69,0.713,0.516,0.41,-0.49,-0.571,0.609,-0.354,-0.666,-0.246,0.001,0.001,0.001,0.001,0.41,0.433,0.515,0.267,0.001,0.001,0.101,0.067,0.059,0.263,0.645,0.51,0.541,0.001,0.001,0.001,0.001,0.001,0.002,0.646,0.828,0.411,0.595,0.001,0.001,0.001,0.001,0.001,0.376,0.663,0.254,0.696,0.001,0.225,0.454,0.801,0.557,0.002,0.046,0.322,0.154,0.573,-0.396,-0.459,-0.551,0,0,0,0.001,0,0.001,0,0,0,0,0,0.001,0.001,0,0.007,0.002,0,0,0,0.001,0,0.001,0,0.001,0,0,0.001,0.001,0,0,0.001,0,0,0,0,0.001,0,0.001,0.001,0.001,0,0,0,0,0.001,10.86,0.024
08:31.4,3716,-0.475,-0.574,-0.503,-0.439,0.333,0.538,-0.545,-0.55,0.014,-0.222,0.667,0.711,0.13,0.007,0.691,0.711,0.514,0.409,-0.493,-0.571,0.608,-0.354,-0.668,-0.242,0.001,0.001,0.001,0.001,0.344,0.379,0.526,0.276,0.001,0.001,0.051,0.039,0.043,0.167,0.632,0.513,0.546,0.001,0.001,0.001,0.001,0.001,0.001,0.645,0.829,0.418,0.579,0.001,0.001,0.001,0.001,0.001,0.365,0.661,0.272,0.72,0.001,0.22,0.453,0.816,0.568,0.002,0.051,0.327,0.184,0.567,-0.414,-0.437,-0.563,0,0,0,0,0,0,0.001,0,0,0.001,0,0.001,0.001,0,0.007,0.001,0,0,0,0,0,0.001,0.001,0.001,0,0.001,0,0.001,0,0,0.001,0,0,0,0,0.001,0,0.001,0,0,0.001,0,0,0,0,10.644,0.021
08:31.4,3717,-0.474,-0.575,-0.502,-0.44,0.327,0.541,-0.542,-0.553,0.017,-0.219,0.667,0.712,0.134,0.006,0.693,0.709,0.513,0.408,-0.495,-0.571,0.607,-0.354,-0.671,-0.237,0.001,0.001,0.001,0.001,0.286,0.252,0.53,0.276,0.001,0.001,0.037,0.046,0.039,0.055,0.618,0.515,0.543,0.001,0.001,0.001,0.001,0.001,0.001,0.65,0.832,0.436,0.551,0.001,0.001,0.001,0.001,0.001,0.344,0.659,0.275,0.73,0.001,0.214,0.453,0.819,0.603,0.002,0.053,0.336,0.233,0.564,-0.425,-0.422,-0.569,0,0,0.001,0.001,0,0,0,0.001,0.001,0,0,0,0,0,0.007,0.002,0,0,0.001,0.001,0.001,0,0.001,0.001,0.001,0,0.001,0.001,0,0.001,0.001,0,0,0,0,0.001,0.001,0,0.001,0,0.001,0,0.001,0,0,10.405,0.028
08:31.4,3718,-0.474,-0.576,-0.5,-0.44,0.321,0.544,-0.539,-0.556,0.021,-0.216,0.666,0.713,0.135,0.006,0.695,0.707,0.512,0.407,-0.496,-0.57,0.603,-0.359,-0.673,-0.234,0.001,0.001,0.001,0.001,0.228,0.098,0.534,0.281,0.001,0.001,0.031,0.045,0.026,0.005,0.606,0.514,0.543,0.001,0.001,0.001,0.001,0.001,0.001,0.651,0.829,0.449,0.546,0.001,0.001,0.001,0.001,0.001,0.319,0.657,0.276,0.75,0.001,0.203,0.449,0.828,0.597,0.002,0.06,0.349,0.275,0.564,-0.425,-0.422,-0.569,0,0,0.001,0.001,0,0,0,0.001,0.001,0,0,0,0,0,0.007,0.002,0,0,0.001,0.001,0.001,0,0.001,0.001,0.001,0,0.001,0.001,0,0.001,0.001,0,0,0,0,0.001,0.001,0,0.001,0,0.001,0,0.001,0,0,10.169,0.028
08:31.4,3719,-0.475,-0.575,-0.499,-0.441,0.316,0.548,-0.536,-0.559,0.025,-0.214,0.666,0.714,0.134,0.006,0.697,0.704,0.512,0.406,-0.498,-0.571,0.602,-0.363,-0.673,-0.231,0.001,0.001,0.001,0.001,0.183,0.05,0.547,0.284,0.001,0.001,0.023,0.028,0.016,0.001,0.609,0.509,0.545,0.001,0.001,0.001,0.001,0.001,0.001,0.625,0.827,0.444,0.534,0.001,0.001,0.001,0.001,0.001,0.295,0.656,0.264,0.753,0.001,0.193,0.448,0.841,0.612,0.002,0.061,0.364,0.299,0.564,-0.425,-0.422,-0.569,0,0,0.001,0.001,0,0,0,0.001,0.001,0,0,0,0,0,0.007,0.002,0,0,0.001,0.001,0.001,0,0.001,0.001,0.001,0,0.001,0.001,0,0.001,0.001,0,0,0,0,0.001,0.001,0,0.001,0,0.001,0,0.001,0,0,10.031,0.028
08:31.4,3720,-0.476,-0.575,-0.498,-0.441,0.31,0.551,-0.533,-0.562,0.028,-0.212,0.665,0.716,0.132,0.005,0.699,0.702,0.511,0.404,-0.498,-0.572,0.6,-0.368,-0.674,-0.225,0.001,0.001,0.001,0.001,0.153,0.017,0.57,0.288,0.001,0.001,0.009,0.021,0.006,0.001,0.614,0.502,0.547,0.001,0.001,0.001,0.001,0.001,0.001,0.587,0.824,0.433,0.534,0.001,0.001,0.001,0.001,0.001,0.26,0.657,0.266,0.753,0.001,0.175,0.452,0.852,0.619,0.002,0.066,0.377,0.319,0.564,-0.425,-0.422,-0.569,0,0,0.001,0.001,0,0,0,0.001,0.001,0,0,0,0,0,0.007,0.002,0,0,0.001,0.001,0.001,0,0.001,0.001,0.001,0,0.001,0.001,0,0.001,0.001,0,0,0,0,0.001,0.001,0,0.001,0,0.001,0,0.001,0,0,9.922,0.028
08:31.5,3721,-0.477,-0.576,-0.496,-0.441,0.305,0.554,-0.529,-0.565,0.03,-0.211,0.664,0.717,0.128,0.005,0.702,0.7,0.511,0.402,-0.498,-0.573,0.599,-0.371,-0.673,-0.222,0.001,0.001,0.001,0.001,0.121,0.006,0.585,0.282,0.001,0.001,0.004,0.017,0.001,0.001,0.606,0.499,0.545,0.001,0.001,0.001,0.001,0.001,0.001,0.548,0.824,0.431,0.534,0.001,0.001,0.001,0.001,0.001,0.234,0.657,0.266,0.747,0.001,0.156,0.453,0.864,0.635,0.002,0.066,0.386,0.344,0.564,-0.425,-0.422,-0.569,0,0,0.001,0.001,0,0,0,0.001,0.001,0,0,0,0,0,0.007,0.002,0,0,0.001,0.001,0.001,0,0.001,0.001,0.001,0,0.001,0.001,0,0.001,0.001,0,0,0,0,0.001,0.001,0,0.001,0,0.001,0,0.001,0,0,9.832,0.028
08:31.5,3722,-0.478,-0.576,-0.495,-0.441,0.299,0.557,-0.526,-0.569,0.031,-0.21,0.664,0.717,0.124,0.006,0.705,0.698,0.511,0.401,-0.498,-0.574,0.6,-0.376,-0.671,-0.22,0.001,0.001,0.001,0.001,0.063,0.001,0.591,0.287,0.001,0.001,0.001,0.001,0.001,0.001,0.585,0.499,0.551,0.001,0.001,0.001,0.001,0.001,0.001,0.499,0.821,0.43,0.527,0.001,0.001,0.001,0.001,0.001,0.209,0.652,0.265,0.751,0.001,0.147,0.453,0.874,0.643,0.002,0.07,0.403,0.36,0.564,-0.425,-0.422,-0.569,0,0,0.001,0.001,0,0,0,0.001,0.001,0,0,0,0,0,0.007,0.002,0,0,0.001,0.001,0.001,0,0.001,0.001,0.001,0,0.001,0.001,0,0.001,0.001,0,0,0,0,0.001,0.001,0,0.001,0,0.001,0,0.001,0,0,9.705,0.028
