time,ground_force_1_vx,ground_force_1_vy,ground_force_1_vz,ground_force_1_px,ground_force_1_py,ground_force_1_pz,ground_moment_1_mx,ground_moment_1_my,ground_moment_1_mz,ground_force_2_vx,ground_force_2_vy,ground_force_2_vz,ground_force_2_px,ground_force_2_py,ground_force_2_pz,ground_moment_2_mx,ground_moment_2_my,ground_moment_2_mz
85.51,-34.11444108,-2.237730539,-3.113959349,-0.000288884,7.27e-06,-0.000138553,-3.77e-05,-0.007273225,2.64e-05,-34.02008660869975,-2.348523652648046,-2.82933093940696,-0.00020032,3.63e-06,-0.000811939,-7.33e-07,0.000282564,-3.07e-06
85.52,-34.1322999,-2.089106051,-2.987726372,-0.000276536,7.22e-06,-0.000135644,-3.73e-05,-0.007181031,2.61e-05,-33.98106159969975,-2.7466788413375625,-3.08961474440696,-0.000199538,3.72e-06,-0.000803201,-9.11e-07,0.000351086,-3.81e-06
85.53,-33.9618856,-2.185984093,-2.766351384,-0.000289344,7.28e-06,-0.000136197,-3.75e-05,-0.007221725,2.62e-05,-34.176471332699755,3.575819438203716,-0.25908004040696,-0.000175226,2.82e-06,-0.000891842,-3.46e-07,0.000133536,-1.45e-06
85.54,-34.05813943,-2.286242775,-2.74552698,-0.000300333,7.32e-06,-0.000140114,-3.77e-05,-0.007268213,2.64e-05,-34.00525943269975,11.763382003049433,4.78145312959304,-0.00015683,2.03e-06,-0.000969286,2.15e-07,-8.28e-05,8.98e-07
85.55,-33.99511735,-2.288358614,-2.921901679,-0.000291895,7.32e-06,-0.000127661,-3.56e-05,-0.006857506,2.49e-05,-34.784267195699755,29.718598794281128,6.95673106359304,-0.000148225,1.86e-06,-0.000986964,-9.44e-08,3.64e-05,-3.95e-07
85.56,-33.88605944,-2.057913037,-3.065916165,-0.000283123,7.22e-06,-0.000143332,-3.86e-05,-0.007443108,2.7e-05,-33.64976605069975,67.53747227949913,10.06332263559304,-0.000144828,1.61e-06,-0.001010574,1.13e-07,-4.37e-05,4.74e-07
85.57,-33.92664337,-2.010575705,-3.195441045,-0.000287739,7.17e-06,-0.000164101,-4.22e-05,-0.008137826,2.95e-05,-32.41673569069975,112.83528663848496,12.73727819559304,-0.000146736,1.66e-06,-0.001005673,2.79e-07,-0.000107542,1.17e-06
85.58,-33.72018935,-2.214468025,-3.143205041,-0.000297881,7.35e-06,-0.000129137,-3.58e-05,-0.006895779,2.5e-05,-33.13493830069975,122.47926082458518,-1.25804547940696,-0.000144397,1.78e-06,-0.000995665,5.33e-07,-0.000205522,2.23e-06
85.59,-33.81462956,-2.392361237,-3.112068383,-0.00029389,7.31e-06,-0.000135369,-3.69e-05,-0.007111718,2.58e-05,-34.24887896269975,123.3175645061692,-21.43067820440696,-0.000141196,1.91e-06,-0.000984409,9.78e-08,-3.77e-05,4.09e-07
85.6,-34.04218141,-2.293258976,-3.211315377,-0.000275939,7.2e-06,-0.000139903,-3.82e-05,-0.007366878,2.67e-05,-35.36044402669975,144.64753013439116,-38.26512461440696,-0.000140416,2.02e-06,-0.000974608,-6.04e-08,2.33e-05,-2.53e-07
85.61,-34.13257553,-2.335894098,-3.28147291,-0.000278242,7.3e-06,-0.000114904,-3.36e-05,-0.006474058,2.35e-05,-35.25535185769975,177.4749081392223,-45.74052735440696,-0.000139579,2.06e-06,-0.000970867,-4.44e-07,0.000171245,-1.86e-06
85.62,-34.11896147,-2.245925126,-3.121153911,-0.00028782,7.33e-06,-0.000120815,-3.45e-05,-0.006638471,2.41e-05,-31.622711947699752,205.58093592434795,-45.55967181440696,-0.000140827,2.07e-06,-0.000969284,-7.41e-07,0.00028552,-3.1e-06
85.63,-33.93878411,-2.144166724,-3.230492749,-0.000291312,7.33e-06,-0.000124635,-3.52e-05,-0.006789493,2.46e-05,-29.287622057699753,221.06990500441395,-47.01339468440696,-0.000140799,2.09e-06,-0.000967508,-9.49e-07,0.000365841,-3.97e-06
85.64,-33.89887762,-2.311572108,-3.321518176,-0.000300699,7.36e-06,-0.000130787,-3.61e-05,-0.006955971,2.52e-05,-29.865078772699754,232.68405105589295,-48.34414654440696,-0.000139769,2.12e-06,-0.000965104,-1.08e-06,0.000414587,-4.5e-06
85.65,-33.96849957,-2.07722649,-3.238612417,-0.000307485,7.4e-06,-0.000128888,-3.57e-05,-0.006872351,2.49e-05,-34.846574479699754,246.25490807632355,-49.275093014406956,-0.00013633,2.16e-06,-0.000962468,2.83e-07,-0.000109207,1.18e-06
85.66,-34.00985944,-2.187725287,-3.37872383,-0.000295457,7.34e-06,-0.0001279,-3.56e-05,-0.006856656,2.49e-05,-43.05104038769975,269.6475760026408,-56.23354419440696,-0.000131254,2.24e-06,-0.000956376,6.62e-07,-0.000255124,2.77e-06
85.67,-33.85698689,-2.273781813,-3.398635573,-0.000283769,7.29e-06,-0.000125679,-3.59e-05,-0.006910117,2.51e-05,-49.33284913769975,305.81804798589155,-71.02085341440697,-0.000128107,2.33e-06,-0.000948254,-8.85e-08,3.41e-05,-3.7e-07
85.68,-33.76062165,-2.17307462,-3.335775031,-0.000286758,7.31e-06,-0.000123354,-3.54e-05,-0.00681592,2.47e-05,-56.41374102769976,340.93817764194426,-83.82763616440697,-0.000125046,2.39e-06,-0.000943662,2.62e-07,-0.000100919,1.1e-06
85.69,-33.81609159,-2.251847132,-3.534566368,-0.000282331,7.33e-06,-0.000112054,-3.34e-05,-0.006444522,2.34e-05,-64.12821527769975,380.150108815136,-90.50749172440696,-0.000122637,2.43e-06,-0.000940905,5.56e-07,-0.000214465,2.33e-06
85.7,-33.68431704,-2.166812566,-3.612092258,-0.000279053,7.28e-06,-0.000122115,-3.55e-05,-0.006848976,2.49e-05,-67.67005116769975,421.3817484708866,-95.21418623440697,-0.000121734,2.44e-06,-0.000939766,9.88e-08,-3.81e-05,4.13e-07
85.71,-33.45497999,-2.132202035,-3.440766826,-0.0002863,7.32e-06,-0.000120145,-3.49e-05,-0.006721442,2.44e-05,-67.80870661769976,452.5787116245174,-97.42220954440697,-0.000121467,2.44e-06,-0.000940005,-5.08e-07,0.000195816,-2.12e-06
85.72,-33.49615434,-2.23419894,-3.547648573,-0.000273731,7.26e-06,-0.000118159,-3.5e-05,-0.006738765,2.45e-05,-67.38655404769975,478.96319667749975,-98.93033851440697,-0.000121362,2.44e-06,-0.000940189,-1.4e-06,0.000538523,-5.84e-06
85.73,-33.57978354,-2.144813539,-3.443193383,-0.00028594,7.36e-06,-0.000108383,-3.33e-05,-0.006407334,2.32e-05,-66.91971071769976,502.63534868905913,-100.54735591440696,-0.000121175,2.44e-06,-0.000940186,-2.38e-06,0.000918503,-9.97e-06
85.74,-33.65391322,-2.245822299,-3.566839557,-0.000288359,7.33e-06,-0.000120104,-3.51e-05,-0.006763116,2.45e-05,-65.66800943769975,521.2984300268564,-101.49060700440697,-0.000121221,2.44e-06,-0.000940005,-3.32e-06,0.001279541,-1.39e-05
85.75,-33.60354951,-2.169572344,-3.646649592,-0.000281177,7.36e-06,-0.000102162,-3.19e-05,-0.006145448,2.23e-05,-63.98048793769975,532.39859095508,-101.31498131440696,-0.000121135,2.44e-06,-0.000939717,-4.06e-06,0.00156586,-1.7e-05
85.76,-33.57342045,-2.098232233,-3.515149663,-0.000303603,7.45e-06,-0.000109021,-3.28e-05,-0.006314833,2.29e-05,-62.02470634769975,538.5208792075703,-99.88622422440696,-0.000121038,2.45e-06,-0.000939183,-4.8e-06,0.001852249,-2.01e-05
85.77,-33.63115914,-2.201917333,-3.474488471,-0.000294901,7.33e-06,-0.000130511,-3.68e-05,-0.007089241,2.57e-05,-60.37323126769975,541.6736491161868,-97.82971015440697,-0.000120815,2.46e-06,-0.000938629,-5.61e-06,0.002161917,-2.35e-05
85.78,-33.53128804,-2.119503926,-3.566260572,-0.000298558,7.41e-06,-0.000114478,-3.38e-05,-0.006503758,2.36e-05,-59.80901404769975,543.3135082182599,-96.02552149440696,-0.000120123,2.47e-06,-0.000937692,-6.15e-06,0.002371817,-2.57e-05
85.79,-33.60826395,-2.291733395,-3.708642605,-0.000298861,7.32e-06,-0.000138626,-3.82e-05,-0.007363076,2.67e-05,-60.45117918769975,544.7605945468729,-95.42548112440697,-0.000118977,2.49e-06,-0.000935918,-6.54e-06,0.002522805,-2.74e-05
85.8,-33.54538315,-2.200755705,-3.534987932,-0.000286774,7.32e-06,-0.000120476,-3.52e-05,-0.006775565,2.46e-05,-61.74948096769975,545.3855079736015,-94.93081085440697,-0.000117647,2.52e-06,-0.000933689,-7.02e-06,0.002706425,-2.94e-05
85.81,-33.46743642,-2.100951623,-3.539408319,-0.000288227,7.39e-06,-0.000104273,-3.24e-05,-0.006240057,2.26e-05,-63.22335218769975,546.0644711301885,-94.63840216440697,-0.000116162,2.55e-06,-0.000931556,-7.52e-06,0.002897037,-3.14e-05
85.82,-33.47869382,-2.156107612,-3.60113261,-0.000276944,7.34e-06,-0.000101673,-3.21e-05,-0.006193566,2.25e-05,-64.81294659769975,547.0463644993339,-93.45569436440697,-0.000115017,2.57e-06,-0.000929976,-7.75e-06,0.002985931,-3.24e-05
85.83,-33.48410173,-2.219699987,-3.659992204,-0.000277897,7.32e-06,-0.000109085,-3.34e-05,-0.006444861,2.34e-05,-65.47449754769976,546.8939183289112,-90.31478664440696,-0.000114257,2.58e-06,-0.000928846,-8.03e-06,0.003095376,-3.36e-05
85.84,-33.55149838,-2.287073848,-3.603471859,-0.000281287,7.3e-06,-0.000118198,-3.49e-05,-0.006719375,2.44e-05,-65.70068631769976,545.363427699652,-87.82120533440697,-0.000113551,2.59e-06,-0.000928174,-8.11e-06,0.003125887,-3.39e-05
85.85,-33.4639534,-2.355139558,-3.492025788,-0.000280644,7.32e-06,-0.000112982,-3.38e-05,-0.006520057,2.37e-05,-65.55961613769975,544.025985032444,-84.82356444440697,-0.000113207,2.59e-06,-0.000927974,-8.27e-06,0.003189221,-3.46e-05
85.86,-33.51993662,-2.181460867,-3.610281391,-0.000288214,7.37e-06,-0.000108359,-3.29e-05,-0.006334977,2.3e-05,-65.29850729769976,542.6987125719215,-82.17223915440697,-0.000112775,2.6e-06,-0.000927764,-8.12e-06,0.003130548,-3.4e-05
85.87,-33.44504331,-2.086627756,-3.52720103,-0.000280233,7.29e-06,-0.000121694,-3.55e-05,-0.006834772,2.48e-05,-65.27186949769975,540.2141189612738,-79.59817798440696,-0.000112364,2.6e-06,-0.000927885,-7.74e-06,0.002982526,-3.24e-05
85.88,-33.40884163,-2.315594675,-3.405303486,-0.000279698,7.31e-06,-0.000114964,-3.43e-05,-0.006604035,2.4e-05,-65.08916219769975,537.9593770665111,-75.01195382440696,-0.000112243,2.59e-06,-0.000928547,-7.66e-06,0.002954796,-3.21e-05
85.89,-33.46100423,-2.123074144,-3.451186869,-0.000304934,7.48e-06,-0.00010196,-3.16e-05,-0.006094298,2.21e-05,-65.93759851769975,535.5595994086967,-70.31957053440696,-0.000112046,2.58e-06,-0.000929752,-7.31e-06,0.002818999,-3.06e-05
85.9,-33.61917233,-2.170240016,-3.382650956,-0.000296949,7.39e-06,-0.00011695,-3.42e-05,-0.006589406,2.39e-05,-66.02021701769975,533.9940999832511,-64.82216208440695,-0.000112118,2.56e-06,-0.000931425,-7.03e-06,0.002709027,-2.94e-05
85.91,-33.58900598,-2.213670854,-3.226517144,-0.000284857,7.36e-06,-0.000108669,-3.31e-05,-0.00637646,2.31e-05,-66.06567401769975,532.490459431631,-58.73072462440696,-0.000111869,2.55e-06,-0.000932196,-7.08e-06,0.002727969,-2.96e-05
85.92,-33.40642486,-2.003740417,-3.509290451,-0.000302517,7.43e-06,-0.000114286,-3.38e-05,-0.00650677,2.36e-05,-67.49668110769974,529.4131613295236,-56.04035995440696,-0.00011094,2.56e-06,-0.000931753,-6.71e-06,0.00258486,-2.8e-05
85.93,-33.51086793,-2.141201309,-3.490941549,-0.000290716,7.33e-06,-0.000124873,-3.58e-05,-0.006904526,2.51e-05,-68.59790402769976,527.0519066123561,-54.383258444406955,-0.000110035,2.57e-06,-0.000930929,-6.37e-06,0.002455241,-2.66e-05
85.94,-33.53864548,-2.325152142,-3.497488075,-0.00028762,7.35e-06,-0.000114889,-3.4e-05,-0.006552252,2.38e-05,-69.62497007769974,524.8690178238041,-51.625842704406956,-0.000109236,2.59e-06,-0.000929583,-6.4e-06,0.002468635,-2.68e-05
85.95,-33.60581851,-2.255837381,-3.586463641,-0.000282072,7.31e-06,-0.000118315,-3.47e-05,-0.006678602,2.42e-05,-70.38138888769976,522.6791590087611,-49.821032904406955,-0.000108309,2.6e-06,-0.000928113,-5.82e-06,0.002242006,-2.43e-05
85.96,-33.5231856,-2.205822303,-3.36480149,-0.000282164,7.31e-06,-0.000116548,-3.46e-05,-0.006663056,2.42e-05,-70.15974468769974,521.6236272696763,-47.54931537440696,-0.000107815,2.62e-06,-0.000926748,-5.64e-06,0.00217278,-2.36e-05
85.97,-33.44557597,-2.209171599,-3.389315189,-0.000286122,7.38e-06,-0.000103724,-3.22e-05,-0.006202797,2.25e-05,-69.85781219769976,520.1349932999348,-45.59885116440696,-0.000107322,2.64e-06,-0.000925457,-5.46e-06,0.002103352,-2.28e-05
85.98,-33.5867374,-2.206205099,-3.543599924,-0.000289337,7.36e-06,-0.000113047,-3.41e-05,-0.006572257,2.38e-05,-69.54607473769975,518.4713626318447,-44.54026799440696,-0.000107033,2.65e-06,-0.00092437,-4.52e-06,0.001742439,-1.89e-05
85.99,-33.61889072,-2.377447816,-3.640836442,-0.000286477,7.29e-06,-0.00012892,-3.66e-05,-0.007056455,2.56e-05,-69.29063377769975,515.9342973228248,-41.95075937440696,-0.000106794,2.66e-06,-0.000923755,-3.82e-06,0.001473174,-1.6e-05
86.0,-33.52491354,-2.412980595,-3.565828047,-0.000274835,7.27e-06,-0.000117791,-3.45e-05,-0.006654001,2.41e-05,-68.57955989769975,514.330169213884,-39.22813301440696,-0.000106858,2.66e-06,-0.000923447,-3.09e-06,0.001192892,-1.29e-05
86.01,-33.57821993,-2.302657101,-3.654917966,-0.000298921,7.34e-06,-0.000134278,-3.73e-05,-0.007193248,2.61e-05,-66.41125996769975,515.1951457128789,-36.52081683440696,-0.000106979,2.66e-06,-0.000923192,-2.42e-06,0.000932893,-1.01e-05
86.02,-33.51113325,-2.307545528,-3.600651528,-0.000293291,7.32e-06,-0.000130037,-3.69e-05,-0.007111166,2.58e-05,-65.20911987769975,516.0154517440657,-33.82070555440696,-0.000106606,2.67e-06,-0.000922562,-1.43e-06,0.000550237,-5.97e-06
86.03,-33.45815805,-2.101328414,-3.438590145,-0.000278162,7.3e-06,-0.000115875,-3.46e-05,-0.006675386,2.42e-05,-65.13152509769975,516.2697482587322,-32.02713893440696,-0.00010608,2.68e-06,-0.000921588,-4.31e-07,0.000166131,-1.8e-06
86.04,-33.47640933,-2.097858966,-3.531798397,-0.000286456,7.34e-06,-0.000116523,-3.46e-05,-0.006657814,2.42e-05,-65.26956553769975,515.7510060921494,-30.501255414406963,-0.000105505,2.69e-06,-0.000920535,1.62e-07,-6.24e-05,6.77e-07
86.05,-33.51173796,-2.208595651,-3.563689795,-0.00028661,7.41e-06,-9.57e-05,-3.1e-05,-0.005965085,2.16e-05,-65.70198542769975,515.1148387181873,-28.96982848440696,-0.000104956,2.71e-06,-0.00091949,1.09e-06,-0.000421585,4.57e-06
86.06,-33.58271695,-2.120811667,-3.525855891,-0.000281149,7.36e-06,-0.000103538,-3.23e-05,-0.006221457,2.26e-05,-65.55098841769976,514.5666111129135,-26.82908531440696,-0.000104598,2.71e-06,-0.000918954,1.81e-06,-0.000698453,7.58e-06
86.07,-33.30161109,-2.130490497,-3.61933074,-0.000290186,7.4e-06,-0.000104002,-3.25e-05,-0.006259271,2.27e-05,-65.41220356769975,514.5686957011126,-23.877098484406957,-0.000104307,2.72e-06,-0.000918753,2.42e-06,-0.000932105,1.01e-05
86.08,-33.34227647,-2.198537199,-3.502496673,-0.000278605,7.31e-06,-0.000113185,-3.41e-05,-0.006569704,2.38e-05,-65.43415069769975,517.5098924700496,-21.44013738440696,-0.000103864,2.73e-06,-0.000917724,2.9e-06,-0.001116056,1.21e-05
86.09,-33.52220045,-2.214796876,-3.479831828,-0.000290835,7.38e-06,-0.000112039,-3.35e-05,-0.006453723,2.34e-05,-65.88889468769975,520.0886396512974,-21.276176684406963,-0.000103277,2.75e-06,-0.000915887,3.4e-06,-0.001309155,1.42e-05
86.1,-33.528052,-2.369225451,-3.565922098,-0.000293262,7.41e-06,-0.000105208,-3.24e-05,-0.006249085,2.27e-05,-65.91802365769975,520.5374693748507,-21.51892252440696,-0.00010279,2.77e-06,-0.000913839,4.13e-06,-0.001591132,1.73e-05
86.11,-33.59317816,-2.250512381,-3.370605972,-0.000283562,7.35e-06,-0.000109563,-3.34e-05,-0.006431834,2.33e-05,-64.98401362769975,521.6963669737814,-20.70580986440696,-0.000102569,2.79e-06,-0.000912102,4.5e-06,-0.001735314,1.88e-05
86.12,-33.58944133,-2.217553994,-3.430559651,-0.000286713,7.32e-06,-0.000121536,-3.52e-05,-0.00679152,2.46e-05,-64.24620438769975,525.6522748845802,-19.03475816440696,-0.000102525,2.8e-06,-0.000911128,4.97e-06,-0.001914828,2.08e-05
86.13,-33.42620161,-2.259506191,-3.484346005,-0.000279594,7.32e-06,-0.000111387,-3.38e-05,-0.006512035,2.36e-05,-64.45010148769975,531.0385941989148,-16.06804211440696,-0.000102484,2.81e-06,-0.000910491,5.65e-06,-0.002177531,2.36e-05
86.14,-33.37911408,-2.27230909,-3.33741452,-0.000280569,7.34e-06,-0.000107941,-3.32e-05,-0.006393141,2.32e-05,-64.43978351769975,534.8906890436773,-12.545714890406959,-0.000102317,2.81e-06,-0.000910101,6.23e-06,-0.00240233,2.61e-05
86.15,-33.47214204,-2.124206278,-3.635569347,-0.000279237,7.29e-06,-0.00011969,-3.52e-05,-0.006786231,2.46e-05,-64.59869349769976,536.5586826676227,-9.69315344840696,-0.000102088,2.82e-06,-0.000909472,7e-06,-0.002698941,2.93e-05
86.16,-33.39027707,-2.356210305,-3.376074821,-0.000279169,7.36e-06,-9.92e-05,-3.16e-05,-0.006089833,2.21e-05,-64.89661638769975,535.1453488824616,-7.60349083440696,-0.000101723,2.83e-06,-0.000908538,7.66e-06,-0.00295157,3.2e-05
86.17,-33.54605459,-2.172122514,-3.383158428,-0.000288711,7.41e-06,-9.97e-05,-3.14e-05,-0.00605051,2.2e-05,-65.13066545769975,532.2933364626779,-5.33273347440696,-0.000101382,2.84e-06,-0.000907578,8.09e-06,-0.00311761,3.38e-05
86.18,-33.528783,-2.069058282,-3.468000503,-0.000297751,7.42e-06,-0.000109742,-3.3e-05,-0.006352236,2.3e-05,-65.79856430769975,529.3678811340103,-2.26281956940696,-0.000101301,2.85e-06,-0.000906824,8.65e-06,-0.00333394,3.62e-05
86.19,-33.51757687,-2.291934752,-3.352999199,-0.000286242,7.38e-06,-0.000104491,-3.24e-05,-0.00624841,2.27e-05,-67.17477917769975,525.0234825055103,1.3512639235930402,-0.000101374,2.86e-06,-0.000906227,9.31e-06,-0.003588607,3.89e-05
86.2,-33.57197714,-2.236982254,-3.460808025,-0.000274455,7.26e-06,-0.000120979,-3.54e-05,-0.006824549,2.48e-05,-69.41009079769975,517.8673062647888,4.2191459675930405,-0.000101567,2.87e-06,-0.000905346,9.75e-06,-0.003757313,4.08e-05
86.21,-33.49881131,-2.170468958,-3.375938888,-0.000288159,7.34e-06,-0.000119115,-3.5e-05,-0.006743305,2.45e-05,-71.18949135769975,509.02467779399694,6.0938568215930395,-0.000102206,2.88e-06,-0.000904442,1.01e-05,-0.003912708,4.25e-05
86.22,-33.56610226,-2.274014659,-3.322204023,-0.00028009,7.34e-06,-0.000106344,-3.28e-05,-0.006321748,2.29e-05,-71.71990391769975,501.3060240852901,7.37006211259304,-0.000103587,2.88e-06,-0.000904127,1.13e-05,-0.004348704,4.72e-05
86.23,-33.68148143,-2.308026967,-3.485918696,-0.000280605,7.31e-06,-0.000114257,-3.39e-05,-0.006535246,2.37e-05,-69.78500350769976,498.42138104477243,9.37511954559304,-0.000105886,2.86e-06,-0.000904754,1.23e-05,-0.004753232,5.16e-05
86.24,-33.58900302,-2.12892903,-3.509181855,-0.000280568,7.31e-06,-0.000114505,-3.41e-05,-0.006573559,2.39e-05,-65.53374541769975,503.8737195067524,12.18460874559304,-0.000109344,2.84e-06,-0.000906057,1.32e-05,-0.005095772,5.53e-05
86.25,-33.57270155,-2.104708974,-3.513696677,-0.000305673,7.5e-06,-9.9e-05,-3.11e-05,-0.005984368,2.17e-05,-59.873099067699755,515.2289268434992,14.761415515593042,-0.000113153,2.81e-06,-0.000907574,1.44e-05,-0.005539584,6.01e-05
86.26,-33.44594713,-2.142230863,-3.542520728,-0.000298914,7.44e-06,-0.000106621,-3.28e-05,-0.006311321,2.29e-05,-54.36028545769975,527.0339730605236,18.45946878559304,-0.000116662,2.79e-06,-0.000908969,1.53e-05,-0.005899499,6.4e-05
86.27,-33.75554534,-2.080500749,-3.573444477,-0.000274809,7.3e-06,-0.00010956,-3.34e-05,-0.006433207,2.33e-05,-50.36131619769975,539.6805288765436,23.50022210559304,-0.000119488,2.77e-06,-0.000910249,1.58e-05,-0.006096921,6.62e-05
86.28,-33.7934016,-2.162755837,-3.471195493,-0.000283116,7.25e-06,-0.000134696,-3.75e-05,-0.007217768,2.62e-05,-48.05431488769975,553.9301086839436,28.486919065593042,-0.000121139,2.77e-06,-0.000909952,1.61e-05,-0.006205106,6.73e-05
86.29,-33.62332423,-2.248083612,-3.536857836,-0.000274059,7.26e-06,-0.0001195,-3.5e-05,-0.006749225,2.45e-05,-48.523191157699756,563.1393327721188,30.92823965559304,-0.000121508,2.79e-06,-0.000907384,1.6e-05,-0.006161021,6.69e-05
86.3,-33.66452732,-2.130404798,-3.400497252,-0.000290032,7.35e-06,-0.000117227,-3.45e-05,-0.006641022,2.41e-05,-51.55257001769975,567.846508009689,30.771422075593044,-0.000120941,2.84e-06,-0.000902956,1.55e-05,-0.005970085,6.48e-05
86.31,-33.41731945,-2.099029164,-3.381584989,-0.000294566,7.37e-06,-0.000119889,-3.48e-05,-0.00670734,2.43e-05,-54.89962332769976,567.0624256798923,29.623529095593042,-0.000120076,2.9e-06,-0.00089756,1.44e-05,-0.005569275,6.04e-05
86.32,-33.56668761,-2.20479003,-3.519857591,-0.000277011,7.36e-06,-9.58e-05,-3.1e-05,-0.005966736,2.17e-05,-57.75935028769975,562.8739315767839,28.570694045593044,-0.000119022,2.97e-06,-0.000892087,1.3e-05,-0.005013264,5.44e-05
86.33,-33.46754738,-2.445116864,-3.368977883,-0.00028158,7.36e-06,-0.000102295,-3.22e-05,-0.006206192,2.25e-05,-59.901045837699755,559.7994568779679,28.158455705593042,-0.000118042,3.03e-06,-0.000886896,1.23e-05,-0.004752239,5.16e-05
86.34,-33.50581597,-2.3703093,-3.527334735,-0.0002702,7.27e-06,-0.000110502,-3.37e-05,-0.006484283,2.35e-05,-60.93831719769975,557.7432678051725,28.694027175593043,-0.000117344,3.08e-06,-0.000881954,1.24e-05,-0.004789591,5.2e-05
86.35,-33.67656727,-2.124202601,-3.50261783,-0.00028152,7.28e-06,-0.000124107,-3.58e-05,-0.006899137,2.5e-05,-61.425012067699754,555.4934950329391,30.406097375593042,-0.000116471,3.13e-06,-0.00087742,1.27e-05,-0.004878176,5.29e-05
86.36,-33.55051792,-2.321494015,-3.48252793,-0.000292738,7.37e-06,-0.000116084,-3.43e-05,-0.006605904,2.4e-05,-62.554431197699756,553.7923125965918,32.984607135593045,-0.000115558,3.18e-06,-0.000873323,1.26e-05,-0.00486274,5.28e-05
86.37,-33.52814206,-2.254907653,-3.500601863,-0.000288096,7.38e-06,-0.000105868,-3.26e-05,-0.006286244,2.28e-05,-64.17601039769976,553.3600058607769,34.88987407559304,-0.000114557,3.23e-06,-0.000869082,1.22e-05,-0.004688746,5.09e-05
86.38,-33.47263361,-2.135529864,-3.411328749,-0.000271336,7.28e-06,-0.000109793,-3.37e-05,-0.006490057,2.35e-05,-65.95659373769976,555.3652499284839,35.13286636559304,-0.000113499,3.29e-06,-0.000864055,1.18e-05,-0.004530112,4.92e-05
86.39,-33.59719972,-2.1849354,-3.534148453,-0.000275664,7.32e-06,-0.0001048,-3.27e-05,-0.006304808,2.29e-05,-67.87089763769976,560.8400165573952,34.756011435593045,-0.000112425,3.35e-06,-0.000858781,1.14e-05,-0.004413526,4.79e-05
86.4,-33.42686561,-2.085895683,-3.631139804,-0.000292728,7.4e-06,-0.000107822,-3.28e-05,-0.006328479,2.3e-05,-69.20942300769975,569.1684807652699,35.61678350559304,-0.000111558,3.4e-06,-0.000853804,1.09e-05,-0.004195709,4.55e-05
86.41,-33.55555377,-2.547794152,-3.438859799,-0.000251229,7.3e-06,-7.66e-05,-2.83e-05,-0.005461043,1.98e-05,-70.29331988769975,580.174887848665,38.44965574559304,-0.000111078,3.45e-06,-0.000849288,9.92e-06,-0.003823017,4.15e-05
86.42,-33.51004042,-1.892153147,-3.647742516,-0.000318302,7.34e-06,-0.000159712,-4.1e-05,-0.007901048,2.87e-05,-71.47274516769974,593.454210748273,42.057477375593045,-0.000110748,3.49e-06,-0.000845439,9.01e-06,-0.003472202,3.77e-05
86.43,-33.46644951,1.14281031,-4.203354833,-0.000255925,6.44e-06,-0.000318845,-7.01e-05,-0.013512251,4.9e-05,-73.30855289769976,608.2383734757335,46.27680400559304,-0.000110371,3.53e-06,-0.000842395,8.37e-06,-0.003227071,3.5e-05
86.44,-33.51891258,0.829206358,-4.213273127,-0.000271678,4.6e-06,-0.000848589,-0.000162077,-0.031230849,0.000113321,-74.77706324769974,623.8657061330676,51.84574291559304,-0.000110131,3.55e-06,-0.000840261,8.05e-06,-0.003104322,3.37e-05
86.45,-33.05002092,1.442517967,-4.492821633,-0.000494795,5.5e-06,-0.000921765,-0.000169093,-0.032582909,0.000118227,-75.80559390769974,636.7914295971251,57.17728148559304,-0.000110069,3.57e-06,-0.000838483,7.67e-06,-0.002955963,3.21e-05
86.46,-33.72908988,5.89259159,-3.756037296,-0.000363331,6.25e-06,-0.000525076,-0.000104258,-0.020089663,7.29e-05,-76.51514424769975,646.1848206329411,62.72121553559304,-0.00011011,3.59e-06,-0.000836908,7.21e-06,-0.002779092,3.02e-05
86.47,-34.05876309,11.92137941,-2.476697843,-0.000335009,6.19e-06,-0.000502484,-0.000101091,-0.019479373,7.07e-05,-76.92494252769976,651.5238822912572,69.11052203559304,-0.000110299,3.6e-06,-0.000835529,7.13e-06,-0.002750103,2.98e-05
86.48,-33.88205324,25.02784866,-2.146498573,-0.000346564,6.4e-06,-0.000459225,-9.28e-05,-0.01787294,6.49e-05,-77.55780617769975,651.6705148801274,75.13072382559304,-0.000110337,3.62e-06,-0.000834316,6.82e-06,-0.002630288,2.85e-05
86.49,-34.571819,53.21087349,-2.993115776,-0.000330759,6.43e-06,-0.000429811,-8.78e-05,-0.016913448,6.14e-05,-78.45506944769974,647.9886329826506,80.72034984559303,-0.000110489,3.63e-06,-0.000833237,6.66e-06,-0.002568991,2.79e-05
86.5,-35.20140612,108.2064211,-5.255182176,-0.000336342,6.52e-06,-0.00041233,-8.39e-05,-0.016164718,5.87e-05,-78.77284497769975,637.9300271410407,86.25872464559303,-0.000110655,3.64e-06,-0.000832302,6.12e-06,-0.002358683,2.56e-05
86.51,-34.19725042,159.0801799,-10.86118634,-0.000332663,6.61e-06,-0.000383923,-7.86e-05,-0.015144009,5.5e-05,-78.91357158769975,620.7068358809555,90.85046448559304,-0.000110834,3.65e-06,-0.000831506,5.75e-06,-0.002214863,2.4e-05
86.52,-33.27882012,180.9279944,-18.42176777,-0.000338329,6.67e-06,-0.000374664,-7.64e-05,-0.014725347,5.34e-05,-77.87336410769976,596.4833659813129,95.07259731559303,-0.000111518,3.65e-06,-0.000830788,5.19e-06,-0.002000303,2.17e-05
86.53,-32.49325456,206.923762,-23.40750726,-0.000338126,6.7e-06,-0.000364558,-7.48e-05,-0.014405041,5.23e-05,-75.23458217769975,565.1183118594248,97.35640473559303,-0.000112273,3.66e-06,-0.000830086,4.51e-06,-0.001739941,1.89e-05
86.54,-32.58213046,233.8394496,-25.17912793,-0.000339381,6.73e-06,-0.000360151,-7.45e-05,-0.014354245,5.21e-05,-72.83626793769974,528.7361892840621,97.08582827559303,-0.000113008,3.67e-06,-0.000828873,4.22e-06,-0.001627069,1.77e-05
86.55,-32.68719821,258.4621377,-25.88855257,-0.000340033,6.74e-06,-0.000356446,-7.39e-05,-0.01423301,5.16e-05,-69.54037832769976,487.3455912217645,95.38545463559304,-0.000114,3.68e-06,-0.000827585,3.58e-06,-0.001379715,1.5e-05
86.56,-31.64170149,271.2846734,-26.50512196,-0.000341845,6.76e-06,-0.000353905,-7.31e-05,-0.014077181,5.11e-05,-65.43599278769975,441.70908939448145,90.53454918559304,-0.000114948,3.69e-06,-0.000826075,2.93e-06,-0.001127876,1.22e-05
86.57,-30.2588581,289.7376724,-27.31762009,-0.000344606,6.8e-06,-0.000347914,-7.25e-05,-0.013978546,5.07e-05,-61.472476947699754,393.2567390036941,84.00742203559304,-0.000116246,3.71e-06,-0.00082418,2.18e-06,-0.00083897,9.1e-06
86.58,-26.92677384,311.2442805,-31.05550234,-0.000347696,6.84e-06,-0.000340267,-7.16e-05,-0.013801584,5.01e-05,-57.32989796769975,338.92125843612627,76.89120053559303,-0.000117445,3.72e-06,-0.0008233,1.65e-06,-0.00063676,6.91e-06
86.59,-24.86210111,327.9682908,-33.60404604,-0.00035052,6.87e-06,-0.00033545,-7.1e-05,-0.013683204,4.96e-05,-52.817623067699756,284.34917760255024,67.43188364559303,-0.000118526,3.73e-06,-0.000821503,1.29e-06,-0.000496045,5.38e-06
86.6,-24.09648227,354.1007539,-34.19493785,-0.000351671,6.89e-06,-0.000332086,-7.14e-05,-0.01375637,4.99e-05,-47.98306916769975,232.34939185596085,55.49529327559304,-0.000120081,3.76e-06,-0.000818317,1.22e-06,-0.000469532,5.09e-06
86.61,-22.99789934,382.089854,-35.37240053,-0.00035294,6.91e-06,-0.000329932,-7.15e-05,-0.013778921,5e-05,-42.837357524699755,183.92768681091678,42.61894004559304,-0.000122213,3.8e-06,-0.000814442,1.44e-06,-0.000555558,6.03e-06
86.62,-22.11142242,413.5665369,-37.15572966,-0.000354072,6.92e-06,-0.000327692,-7.12e-05,-0.013727351,4.98e-05,-38.12602324369975,142.03945538684343,31.32810478559304,-0.0001259,3.84e-06,-0.000810295,1.69e-06,-0.000650349,7.06e-06
86.63,-21.70430972,447.7472049,-39.47152837,-0.00035475,6.93e-06,-0.000325574,-7.13e-05,-0.013732651,4.98e-05,-34.85763290369975,104.49141394677419,21.548518305593042,-0.000129754,3.88e-06,-0.00080525,1.58e-06,-0.000610652,6.63e-06
86.64,-21.55815936,481.2392749,-41.36023342,-0.000354888,6.94e-06,-0.00032381,-7.07e-05,-0.013627132,4.94e-05,-34.12635353869975,73.76747033574006,13.662703505593042,-0.00013352,3.94e-06,-0.000799179,9.13e-07,-0.000351987,3.82e-06
86.65,-22.03727472,512.0345687,-42.38299413,-0.000354596,6.94e-06,-0.00032279,-7.03e-05,-0.013549245,4.92e-05,-34.41033514869975,50.31255704499207,7.628457145593041,-0.000137308,3.99e-06,-0.000793054,3.17e-07,-0.000122154,1.33e-06
86.66,-22.90433357,538.1412521,-42.54794215,-0.000354073,6.94e-06,-0.0003223,-6.99e-05,-0.013475401,4.89e-05,-34.77047325069975,33.14819268781188,1.9550526645930404,-0.000140485,4.08e-06,-0.000784504,-2.46e-07,9.49e-05,-1.03e-06
86.67,-23.6151021,555.6982933,-42.11677605,-0.000353634,6.94e-06,-0.000321963,-6.92e-05,-0.013332701,4.84e-05,-33.931068458699755,22.72816909702857,-2.1715720074069598,-0.000145126,4.16e-06,-0.000776123,-6.7e-07,0.000258268,-2.8e-06
86.68,-24.16784162,565.379009,-41.32716072,-0.000353376,6.94e-06,-0.000321236,-6.93e-05,-0.013354005,4.85e-05,-34.026687618699754,15.343973647166866,-4.20448852940696,-0.000148399,4.18e-06,-0.000773414,-9.67e-07,0.000372745,-4.04e-06
86.69,-23.99967953,570.0054157,-41.06103191,-0.000353461,6.95e-06,-0.000320063,-6.91e-05,-0.013305432,4.83e-05,-34.30635841069975,9.896327308933987,-5.15513264840696,-0.000154169,4.16e-06,-0.000774147,-1.2e-06,0.000463487,-5.03e-06
86.7,-23.64588834,571.470837,-40.87471817,-0.000353529,6.95e-06,-0.000318706,-6.85e-05,-0.013199424,4.79e-05,-33.437937287699754,5.823372322829396,-6.63271131740696,-0.000162935,4.14e-06,-0.000773314,-1.44e-06,0.000554264,-6.01e-06
86.71,-23.33302972,570.453739,-39.93744011,-0.000353692,6.96e-06,-0.000317217,-6.89e-05,-0.013267828,4.81e-05,-33.95353175669975,-0.864827428792621,-3.94615065940696,-0.000195407,3.81e-06,-0.000795787,-1.16e-06,0.0004485,-4.87e-06
86.72,-22.72605902,569.2283167,-39.24105745,-0.000353898,6.96e-06,-0.000315632,-6.86e-05,-0.01321335,4.79e-05,-34.02983983169975,-3.4085946661216227,-2.30430570740696,-0.00020526,3.74e-06,-0.000800461,-7.26e-07,0.00027996,-3.04e-06
86.73,-22.2440848,568.8191245,-38.53624565,-0.000353853,6.97e-06,-0.000314367,-6.83e-05,-0.013165626,4.78e-05,-34.33035913969975,-1.7734018920799652,-3.09813243440696,-0.000193361,3.82e-06,-0.000795403,-9.57e-07,0.000368897,-4e-06
86.74,-22.18329912,566.6243248,-37.21914381,-0.00035372,6.97e-06,-0.000313559,-6.84e-05,-0.013187429,4.79e-05,-34.274874704699755,-2.06928978921046,-2.89138826540696,-0.000194701,3.75e-06,-0.000801828,-1.06e-06,0.000408132,-4.43e-06
86.75,-22.33355952,561.9845262,-35.7346109,-0.000353498,6.97e-06,-0.000313127,-6.84e-05,-0.01317606,4.78e-05,-34.06534749469975,-2.0141655774855547,-2.83617232040696,-0.000193194,3.75e-06,-0.000801804,-9.19e-07,0.000354359,-3.84e-06
86.76,-22.4890011,555.3940878,-34.17413327,-0.000353298,6.97e-06,-0.000312806,-6.83e-05,-0.013160632,4.78e-05,-34.25043503169975,-2.2667891097210617,-2.80600930340696,-0.000192959,3.71e-06,-0.000805764,-7.51e-07,0.000289348,-3.14e-06
86.77,-22.35366877,548.9233828,-33.36149663,-0.000353124,6.97e-06,-0.000311852,-6.78e-05,-0.013059341,4.74e-05,-34.03717772469975,-1.981183878625119,-2.89077734140696,-0.00019804,3.69e-06,-0.000806107,-9.17e-07,0.000353325,-3.83e-06
86.78,-22.49504409,542.9578309,-32.53790675,-0.000352999,6.98e-06,-0.000310584,-6.78e-05,-0.013058039,4.74e-05,-34.068753740699755,-2.0588157375230853,-2.7696440214069598,-0.000197763,3.71e-06,-0.000804378,-9.31e-07,0.000358905,-3.89e-06
86.79,-22.49202586,536.1481054,-31.30536861,-0.000352951,6.98e-06,-0.000309287,-6.72e-05,-0.012951589,4.7e-05,-34.241270871699754,-2.2793131680361824,-2.92319828340696,-0.000193936,3.71e-06,-0.000805698,-1e-06,0.000385747,-4.19e-06
86.8,-22.27542936,529.8901016,-29.91587061,-0.000352929,6.99e-06,-0.000307926,-6.62e-05,-0.012749691,4.63e-05,-34.12980129669975,-2.083153299801495,-2.79524059940696,-0.000198433,3.74e-06,-0.000801708,-1e-06,0.000385358,-4.18e-06
86.81,-22.37618572,525.7937823,-28.75068852,-0.000353011,6.99e-06,-0.000306685,-6.6e-05,-0.012711063,4.61e-05,-34.10688838869975,-2.134098631317743,-2.51951213040696,-0.000196785,3.71e-06,-0.000805137,-9.15e-07,0.000352607,-3.83e-06
86.82,-22.15247735,523.3286643,-27.72961716,-0.000353232,7e-06,-0.000304843,-6.53e-05,-0.012580703,4.56e-05,-33.92954588969975,-2.137189863735614,-2.6775370094069597,-0.000199086,3.68e-06,-0.000806957,-9.42e-07,0.000363257,-3.94e-06
86.83,-21.77461359,522.0338208,-26.76866616,-0.000353359,7.01e-06,-0.000302218,-6.39e-05,-0.012322084,4.47e-05,-34.09079493669975,-2.1473938507603183,-3.04887988240696,-0.000205584,3.72e-06,-0.000802216,-9.76e-07,0.000376336,-4.08e-06
86.84,-21.47816711,520.9522797,-26.2072538,-0.000353604,7.02e-06,-0.000298886,-6.28e-05,-0.012101217,4.39e-05,-34.24365283469975,-2.057256421235113,-2.8922252434069597,-0.000198206,3.71e-06,-0.000804407,-1.03e-06,0.000398485,-4.32e-06
86.85,-21.51498328,521.0696452,-25.70837925,-0.000353695,7.04e-06,-0.000294804,-6.18e-05,-0.011906964,4.32e-05,-33.97604952769975,-2.1910260998714612,-2.85003553740696,-0.000195876,3.68e-06,-0.000808279,-9.84e-07,0.000379363,-4.12e-06
86.86,-21.78881012,522.3715317,-25.33171705,-0.000353709,7.05e-06,-0.00029055,-6.04e-05,-0.011630727,4.22e-05,-33.95962737569975,-2.255305644123828,-3.0776456014069598,-0.000194142,3.74e-06,-0.000803162,-9.55e-07,0.000368268,-4e-06
86.87,-22.16953172,523.7266089,-25.19901415,-0.000353525,7.07e-06,-0.000286372,-5.87e-05,-0.01131737,4.11e-05,-34.20295960369975,-2.109918506193061,-2.73000727140696,-0.000193777,3.74e-06,-0.000802638,-9.45e-07,0.000364159,-3.95e-06
86.88,-22.80667299,524.6342516,-25.04295989,-0.000353187,7.08e-06,-0.000282488,-5.73e-05,-0.01103638,4e-05,-34.27226538869975,-2.1045588077644304,-2.71011489440696,-0.000201258,3.71e-06,-0.000804377,-8.26e-07,0.000318315,-3.45e-06
86.89,-23.39150266,524.4558378,-24.59872781,-0.000352985,7.09e-06,-0.00027916,-5.61e-05,-0.010805005,3.92e-05,-34.00260549269975,-2.3142484487081685,-2.78178848840696,-0.000200403,3.64e-06,-0.000810845,-1.02e-06,0.000391768,-4.25e-06
86.9,-23.90726336,525.4453769,-24.13506612,-0.000352601,7.1e-06,-0.000276447,-5.48e-05,-0.010551451,3.83e-05,-34.076570737699754,-2.087427951970593,-2.88955336840696,-0.000197928,3.7e-06,-0.000805768,-9.94e-07,0.000383068,-4.16e-06
86.91,-24.08791627,527.1320192,-23.59532722,-0.000352318,7.11e-06,-0.000274207,-5.4e-05,-0.01041109,3.78e-05,-34.184720633699754,-2.013140781898514,-2.9609673734069597,-0.00019648,3.75e-06,-0.000801421,-9.77e-07,0.000376523,-4.09e-06
86.92,-24.20066496,526.7695594,-22.90524,-0.000352241,7.11e-06,-0.000272537,-5.36e-05,-0.010327282,3.75e-05,-34.09199826769975,-2.4181220918445536,-2.66323863640696,-0.000197201,3.69e-06,-0.000807121,-9.31e-07,0.000358869,-3.89e-06
86.93,-24.26542604,525.6885313,-22.07076311,-0.000352093,7.12e-06,-0.000270898,-5.27e-05,-0.010161717,3.69e-05,-34.280640170699755,-2.132602216692284,-2.62927955440696,-0.000197488,3.69e-06,-0.000806965,-8.61e-07,0.000331743,-3.6e-06
86.94,-24.31602269,526.0536899,-21.43747787,-0.000352083,7.12e-06,-0.00026869,-5.2e-05,-0.010028676,3.64e-05,-34.059891648699754,-2.0070940912756416,-2.7048596554069597,-0.00019714,3.71e-06,-0.000805092,-9.97e-07,0.000384505,-4.17e-06
86.95,-24.37643146,526.3097928,-21.14130948,-0.000352054,7.13e-06,-0.000265871,-5.13e-05,-0.009884294,3.59e-05,-33.77905903469975,-2.2278884920217887,-2.9756950484069598,-0.000196574,3.67e-06,-0.00080865,-9.76e-07,0.00037608,-4.08e-06
86.96,-24.52290442,525.790261,-20.45901308,-0.000352099,7.15e-06,-0.000262771,-5.06e-05,-0.009754048,3.54e-05,-33.94765919669975,-2.221839358135723,-2.80014588040696,-0.000194924,3.72e-06,-0.000804344,-9.94e-07,0.000383353,-4.16e-06
86.97,-24.61937054,524.893555,-20.03284297,-0.00035234,7.16e-06,-0.000259587,-4.97e-05,-0.009569466,3.47e-05,-34.06516331969975,-2.3923377418695786,-2.56785273940696,-0.000197433,3.7e-06,-0.000805657,-8.18e-07,0.000315439,-3.42e-06
86.98,-24.55878743,523.8026324,-19.50408947,-0.000352437,7.17e-06,-0.000256317,-4.84e-05,-0.009331989,3.39e-05,-34.05706646869975,-2.493082455114301,-2.87865488240696,-0.000196381,3.64e-06,-0.000811382,-8.06e-07,0.000310871,-3.37e-06
86.99,-24.65385452,523.0855807,-18.72476563,-0.000352564,7.18e-06,-0.000252873,-4.79e-05,-0.009230334,3.35e-05,-34.23837254069975,-2.270249690334653,-2.91836155340696,-0.000195471,3.74e-06,-0.00080274,-8.52e-07,0.000328325,-3.56e-06
87.0,-24.96108108,521.649525,-18.2137651,-0.000352694,7.2e-06,-0.000249037,-4.67e-05,-0.008997602,3.26e-05,-34.077132514699755,-2.14635571119738,-2.74001829040696,-0.000197451,3.73e-06,-0.000803377,-8.87e-07,0.000342,-3.71e-06
87.01,-24.9478022,518.2195554,-17.68007192,-0.000352927,7.21e-06,-0.0002452,-4.53e-05,-0.008737813,3.17e-05,-34.093817951699755,-2.2789473413048214,-2.78131084140696,-0.000192426,3.71e-06,-0.000806471,-7.84e-07,0.000302269,-3.28e-06
87.02,-24.54740981,514.3844985,-17.0483539,-0.000353378,7.23e-06,-0.000241959,-4.48e-05,-0.008641001,3.14e-05,-34.06555431469975,-2.5396723979668074,-2.7856405374069597,-0.000195278,3.65e-06,-0.000810834,-9.81e-07,0.000378144,-4.1e-06
87.03,-24.1679123,509.7134331,-16.36927603,-0.000353723,7.24e-06,-0.000239633,-4.4e-05,-0.008483995,3.08e-05,-33.860809231699754,-2.3108970532731927,-2.88121744540696,-0.000197804,3.65e-06,-0.000810187,-9.75e-07,0.0003759,-4.08e-06
87.04,-23.54204583,504.1505788,-15.64472287,-0.000354176,7.25e-06,-0.00023812,-4.4e-05,-0.008477894,3.08e-05,-34.01793961469975,-2.100414795987973,-2.8168229584069597,-0.000198397,3.69e-06,-0.000806379,-7.01e-07,0.000270148,-2.93e-06
87.05,-22.88277998,498.966983,-14.47293772,-0.000354555,7.25e-06,-0.00023694,-4.36e-05,-0.00840628,3.05e-05,-34.18503207969975,-2.4283783567881745,-2.89303974940696,-0.000200529,3.64e-06,-0.00081077,-7.98e-07,0.000307546,-3.34e-06
87.06,-22.59077637,490.4772636,-12.90532173,-0.000354794,7.26e-06,-0.000236541,-4.32e-05,-0.008332746,3.02e-05,-34.05951056269975,-2.1551153438969575,-2.83715445440696,-0.000196495,3.71e-06,-0.000805036,-7.46e-07,0.000287648,-3.12e-06
87.07,-22.52848783,485.4486882,-11.19300254,-0.000355068,7.26e-06,-0.000236317,-4.35e-05,-0.008386449,3.04e-05,-34.254122118699755,-2.207985313953092,-2.79472826940696,-0.000195889,3.69e-06,-0.000806732,-8.26e-07,0.000318498,-3.46e-06
87.08,-22.56816267,487.7148918,-10.80679782,-0.00035494,7.26e-06,-0.000235027,-4.27e-05,-0.008237351,2.99e-05,-34.33690872169975,-2.3072526739819565,-2.73912345540696,-0.000196003,3.7e-06,-0.000806153,-9.93e-07,0.000382965,-4.16e-06
87.09,-22.98858871,493.8002628,-10.90994492,-0.000354451,7.27e-06,-0.000233278,-4.19e-05,-0.00807268,2.93e-05,-34.146952205699755,-2.096405470331465,-2.79461684340696,-0.000196105,3.73e-06,-0.000803464,-1.01e-06,0.000390324,-4.24e-06
87.1,-23.47106071,501.8523757,-10.51061747,-0.000354111,7.27e-06,-0.000231249,-4.05e-05,-0.007810184,2.83e-05,-34.21690305369975,-2.3821980116776604,-2.76969490240696,-0.000200278,3.66e-06,-0.000808696,-9.33e-07,0.000359796,-3.9e-06
87.11,-23.84995489,507.8965857,-9.655829748,-0.000353989,7.28e-06,-0.000229326,-3.99e-05,-0.007685479,2.79e-05,-34.128705616699754,-2.380094342285469,-2.88974170140696,-0.000199141,3.67e-06,-0.000808081,-7.6e-07,0.000292928,-3.18e-06
87.12,-23.94452997,513.3478804,-9.719422171,-0.000353987,7.28e-06,-0.000227507,-3.96e-05,-0.007628128,2.77e-05,-34.19829300369975,-2.367679132829334,-2.97219083740696,-0.000194307,3.64e-06,-0.00081182,-8.17e-07,0.000315066,-3.42e-06
87.13,-23.70168895,518.3895724,-9.967677892,-0.000354178,7.29e-06,-0.000225862,-3.9e-05,-0.007519583,2.73e-05,-34.29693334669975,-2.2945567266607867,-2.69082089840696,-0.000199445,3.67e-06,-0.000808152,-7.89e-07,0.000304096,-3.3e-06
87.14,-23.62514992,519.0154306,-8.919673695,-0.000354678,7.3e-06,-0.000225116,-3.88e-05,-0.007468316,2.71e-05,-34.140066993699755,-2.2115014169808482,-2.81569319540696,-0.000203822,3.65e-06,-0.000808514,-9.09e-07,0.000350247,-3.8e-06
87.15,-23.57078729,521.8233043,-7.054543057,-0.000355272,7.3e-06,-0.000225051,-3.85e-05,-0.007410784,2.69e-05,-34.09173554869975,-2.352346904523527,-2.82669121140696,-0.000195353,3.68e-06,-0.000807983,-9.11e-07,0.000351268,-3.81e-06
87.16,-22.98253048,529.3319516,-4.835641371,-0.000355896,7.3e-06,-0.000224705,-3.82e-05,-0.00736279,2.67e-05,-34.18364345169975,-2.162598346849105,-2.87046790140696,-0.000196299,3.69e-06,-0.00080672,-8.33e-07,0.000321086,-3.48e-06
87.17,-22.30873947,537.7998015,-3.456449457,-0.000356635,7.31e-06,-0.000223377,-3.74e-05,-0.007214044,2.62e-05,-34.130642726699755,-2.2279521058905747,-2.8222205454069598,-0.000199682,3.63e-06,-0.00081165,-7.34e-07,0.000282906,-3.07e-06
87.18,-21.65992455,549.0427492,-2.278589388,-0.00035724,7.32e-06,-0.000221543,-3.68e-05,-0.007093744,2.57e-05,-34.22543670169975,-2.1498179041668415,-2.58998066640696,-0.000193033,3.7e-06,-0.000806588,-7.87e-07,0.000303558,-3.29e-06
87.19,-20.80045307,560.3155874,-1.501842335,-0.000357841,7.33e-06,-0.000219675,-3.59e-05,-0.006926581,2.51e-05,-34.14484486569975,-2.355184967394244,-2.85662289240696,-0.000195268,3.65e-06,-0.00081052,-9.22e-07,0.000355398,-3.86e-06
87.2,-20.34102983,570.4034643,-1.048140435,-0.000358355,7.34e-06,-0.000217912,-3.47e-05,-0.006687471,2.43e-05,-33.999452813699754,-2.6724204760525954,-2.86335763540696,-0.000195197,3.61e-06,-0.00081468,-9.43e-07,0.000363461,-3.94e-06
87.21,-19.89642587,578.6139395,0.135298983,-0.000358608,7.35e-06,-0.000216588,-3.42e-05,-0.006598839,2.39e-05,-34.24111246969975,-2.295928524971675,-3.03549145540696,-0.000196628,3.69e-06,-0.000806838,-8.42e-07,0.000324615,-3.52e-06
87.22,-20.06294392,583.7404547,1.650817325,-0.000358695,7.35e-06,-0.0002163,-3.35e-05,-0.006463501,2.35e-05,-34.23954570269975,-2.3345479893522523,-2.89510134640696,-0.000196964,3.67e-06,-0.000808445,-6.58e-07,0.000253584,-2.75e-06
87.23,-20.74254166,584.9129538,3.358812169,-0.000358694,7.35e-06,-0.000216306,-3.26e-05,-0.006273897,2.28e-05,-34.18618153569975,-2.3058191412355047,-2.81965508440696,-0.000203264,3.64e-06,-0.0008099,-7.98e-07,0.00030754,-3.34e-06
87.24,-21.24925617,581.1929365,5.061254751,-0.000358597,7.35e-06,-0.000216129,-3.22e-05,-0.00619563,2.25e-05,-34.148281309699755,-2.0612139833439027,-2.97537239740696,-0.00020211,3.64e-06,-0.000810598,-1e-06,0.000385821,-4.19e-06
87.25,-21.59992757,573.8678113,6.524853392,-0.00035872,7.35e-06,-0.000216133,-3.17e-05,-0.006117686,2.22e-05,-34.13173671569975,-2.1610225607910323,-2.80948379540696,-0.000197499,3.66e-06,-0.000809543,-8.73e-07,0.000336648,-3.65e-06
87.26,-21.67513086,564.6411381,7.795516164,-0.00035896,7.35e-06,-0.000216007,-3.16e-05,-0.006091052,2.21e-05,-33.99187439369975,-2.372776472271516,-2.86913876940696,-0.000198936,3.65e-06,-0.000810238,-1e-06,0.000387025,-4.2e-06
87.27,-21.23001428,552.8712449,9.027362721,-0.00035927,7.35e-06,-0.000215932,-3.21e-05,-0.00619493,2.25e-05,-33.857289173699755,-2.253142218646836,-3.0282144434069598,-0.000199704,3.65e-06,-0.000809877,-1.01e-06,0.000389013,-4.22e-06
87.28,-21.12664309,535.3165946,10.45087767,-0.000359493,7.36e-06,-0.000215756,-3.26e-05,-0.006273125,2.28e-05,-34.343824698699756,-2.094838844037426,-2.69702781440696,-0.000200981,3.68e-06,-0.000806864,-9.12e-07,0.000351387,-3.81e-06
87.29,-21.52127588,508.7069262,11.6216764,-0.000359509,7.36e-06,-0.000215461,-3.35e-05,-0.006452093,2.34e-05,-34.31926045269975,-2.3585807669120964,-2.7474146004069597,-0.000201321,3.67e-06,-0.00080719,-8.68e-07,0.00033474,-3.63e-06
87.3,-22.26950185,474.0160842,11.64805654,-0.000359548,7.36e-06,-0.000215208,-3.45e-05,-0.006639513,2.41e-05,-34.02438200269975,-2.3497498938015386,-2.87026740840696,-0.00020002,3.69e-06,-0.000806325,-8.74e-07,0.000337058,-3.66e-06
87.31,-23.40052488,432.6591553,10.93972279,-0.000359233,7.36e-06,-0.000214375,-3.56e-05,-0.006864123,2.49e-05,-34.15565690569975,-2.1801007072409906,-2.71046020240696,-0.000199678,3.68e-06,-0.000807542,-9.08e-07,0.000350133,-3.8e-06
87.32,-25.70974517,382.9413774,10.62386094,-0.00035851,7.36e-06,-0.000213676,-3.73e-05,-0.007197037,2.61e-05,-33.96999732169975,-2.0224790821963,-2.80551722740696,-0.000201246,3.66e-06,-0.0008088,-8.07e-07,0.000311123,-3.38e-06
87.33,-28.37749007,324.3961507,10.39341179,-0.000357148,7.35e-06,-0.000213235,-3.87e-05,-0.007453503,2.7e-05,-34.12816762369975,-1.9598992676773168,-2.66461534740696,-0.000196346,3.64e-06,-0.000811496,-9.07e-07,0.000349836,-3.8e-06
87.34,-30.48249231,261.068075,9.572294889,-0.000355987,7.35e-06,-0.000212756,-4.02e-05,-0.007749086,2.81e-05,-34.33001826769975,-2.2835177272377436,-2.86830931340696,-0.000192407,3.7e-06,-0.000807334,-9.53e-07,0.000367237,-3.98e-06
87.35,-32.04559325,198.2989028,7.696403999,-0.000355468,7.35e-06,-0.000211063,-4.2e-05,-0.008101539,2.94e-05,-34.11732273769975,-2.4452993095660442,-2.87573345440696,-0.000196375,3.65e-06,-0.000810411,-9.7e-07,0.000374005,-4.06e-06
87.36,-32.35772446,141.9260108,4.013720012,-0.00035628,7.37e-06,-0.000205821,-4.35e-05,-0.008390751,3.04e-05,-34.099577182699754,-2.344585794912856,-2.70140094140696,-0.000196068,3.59e-06,-0.000816377,-7.85e-07,0.000302442,-3.28e-06
87.37,-32.58011242,96.48111043,-0.971462343,-0.000359341,7.43e-06,-0.000194167,-4.32e-05,-0.008328393,3.02e-05,-33.90600103869975,-2.247827112244405,-2.92473227540696,-0.000199937,3.62e-06,-0.0008126,-8.7e-07,0.000335218,-3.64e-06
87.38,-32.96700265,63.53117832,-4.917295375,-0.000360675,7.5e-06,-0.000177104,-4.15e-05,-0.007999628,2.9e-05,-34.18546121169975,-2.3321971547074725,-2.97331639940696,-0.000192543,3.64e-06,-0.000812216,-8.67e-07,0.000334094,-3.63e-06
87.39,-32.72196774,43.89753256,-7.082158438,-0.000366751,7.6e-06,-0.000159136,-3.96e-05,-0.007625825,2.77e-05,-34.18963092169975,-2.4873532304383836,-2.74633385640696,-0.000193013,3.65e-06,-0.000811313,-9.51e-07,0.000366588,-3.98e-06
87.4,-32.46520113,30.72062569,-8.533793815,-0.000370945,7.71e-06,-0.000135091,-3.64e-05,-0.007012903,2.54e-05,-34.147091962699754,-2.4774485283171224,-2.87355510940696,-0.000197872,3.67e-06,-0.000808588,-9.63e-07,0.000371243,-4.03e-06
87.41,-32.83397969,19.81106318,-8.370027427,-0.000383588,7.89e-06,-0.00010362,-3.03e-05,-0.005845451,2.12e-05,-34.32655515169975,-2.6463111621812736,-2.79690543540696,-0.000191836,3.66e-06,-0.000810715,-8.11e-07,0.000312607,-3.39e-06
87.42,-33.25639826,12.25849583,-6.511852421,-0.000387618,7.92e-06,-9.94e-05,-2.9e-05,-0.00558086,2.03e-05,-34.195315771699754,-2.4766382749785834,-2.71187122840696,-0.000200601,3.58e-06,-0.000815786,-9.02e-07,0.000347609,-3.77e-06
87.43,-33.62269082,6.750907457,-5.440656982,-0.000397249,8.07e-06,-7.19e-05,-2.42e-05,-0.004664302,1.69e-05,-34.072229392699754,-2.1985253351916203,-2.93291647740696,-0.000202296,3.61e-06,-0.000813134,-8.38e-07,0.000323096,-3.51e-06
87.44,-33.75108201,4.323945675,-4.934764593,-0.000452095,8.52e-06,-2.67e-05,-1.48e-05,-0.002858092,1.04e-05,-34.30804365469975,-2.4344970791623304,-2.87301248840696,-0.000198363,3.6e-06,-0.000815042,-6.74e-07,0.000259701,-2.82e-06
87.45,-33.97970381,-0.521271717,-3.443145757,-0.000375502,7.84e-06,-0.000104654,-3e-05,-0.005786299,2.1e-05,-34.32449849769975,-2.1842597050244805,-2.7391556734069598,-0.000199503,3.6e-06,-0.000814496,-7.27e-07,0.000280121,-3.04e-06
87.46,-34.46584782,-3.784627181,-2.936921618,-0.000293224,7.22e-06,-0.000156854,-4.04e-05,-0.00779104,2.83e-05,-34.15315042669975,-2.2362649379620603,-2.89326432440696,-0.000198802,3.64e-06,-0.00081056,-8.82e-07,0.000339941,-3.69e-06
87.47,-34.1166926,-2.094389193,-3.247089548,-0.000269284,7.09e-06,-0.000159712,-4.15e-05,-0.007993775,2.9e-05,-34.207081087699756,-2.443977761364536,-2.79401436840696,-0.000193624,3.66e-06,-0.000810353,-8.08e-07,0.000311574,-3.38e-06
